date,value,min,max
2015-01-01,0.0,-4.3,2.7
2015-01-02,0.0,-1.7,6.0
2015-01-03,0.0,-1.3,9.3
2015-01-04,0.4,1.7,13.7
2015-01-05,0.0,-1.8,6.6
2015-01-06,0.0,-3.2,8.0
2015-01-07,0.0,-3.1,2.7
2015-01-08,0.0,-3.3,4.4
2015-01-09,0.1,-2.2,5.8
2015-01-10,0.0,0.8,10.2
2015-01-11,0.0,0.2,14.2
2015-01-12,0.0,0.7,8.0
2015-01-13,0.0,-2.0,4.8
2015-01-14,0.0,1.4,8.7
2015-01-15,0.0,-0.3,5.1
2015-01-16,1.4,2.2,4.5
2015-01-17,46.9,4.4,7.5
2015-01-18,5.7,2.5,7.3
2015-01-19,0.0,-0.1,6.6
2015-01-20,0.0,-0.6,6.3
2015-01-21,0.0,1.2,3.6
2015-01-22,1.0,1.0,6.0
2015-01-23,0.0,3.4,12.0
2015-01-24,0.0,5.3,11.4
2015-01-25,0.0,5.1,9.6
2015-01-26,0.0,0.3,7.3
2015-01-27,0.0,-1.8,9.5
2015-01-28,0.0,-0.8,8.2
2015-01-29,0.0,-2.8,3.9
2015-01-30,0.4,-2.2,6.1
2015-01-31,0.1,-4.2,2.4
2015-02-01,0.0,-3.2,6.0
2015-02-02,0.0,-5.6,5.1
2015-02-03,0.0,-4.5,2.6
2015-02-04,0.0,0.2,6.9
2015-02-05,0.0,1.5,6.6
2015-02-06,14.3,3.0,7.6
2015-02-07,0.0,0.9,6.9
2015-02-08,0.0,-0.4,10.1
2015-02-09,0.0,0.3,8.2
2015-02-10,0.1,2.0,15.1
2015-02-11,0.0,-0.8,11.3
2015-02-12,0.0,-1.4,11.2
2015-02-13,0.0,3.2,6.7
2015-02-14,0.0,3.7,5.8
2015-02-15,4.3,3.2,7.4
2015-02-16,0.3,3.1,10.5
2015-02-17,0.0,0.1,11.4
2015-02-18,0.0,-0.1,11.1
2015-02-19,0.0,-0.9,10.7
2015-02-20,0.0,-1.6,10.7
2015-02-21,0.0,3.7,6.0
2015-02-22,8.1,3.8,11.9
2015-02-23,0.8,3.2,10.8
2015-02-24,0.5,4.7,9.3
2015-02-25,3.6,7.8,11.6
2015-02-26,0.0,5.6,11.4
2015-02-27,0.0,4.8,8.1
2015-02-28,0.1,5.1,13.9
2015-03-01,0.0,4.4,12.9
2015-03-02,0.0,6.4,8.8
2015-03-03,0.4,2.9,13.5
2015-03-04,0.0,2.8,12.6
2015-03-05,0.0,7.6,10.7
2015-03-06,0.0,1.9,15.1
2015-03-07,0.0,0.8,14.2
2015-03-08,0.0,-0.2,15.0
2015-03-09,0.0,0.9,11.3
2015-03-10,0.0,2.4,16.5
2015-03-11,0.1,4.0,18.3
2015-03-12,0.0,5.4,15.6
2015-03-13,0.0,1.4,15.1
2015-03-14,0.0,4.4,14.0
2015-03-15,0.0,4.6,13.2
2015-03-16,1.1,6.3,10.4
2015-03-17,1.8,6.2,12.4
2015-03-18,0.0,3.1,16.6
2015-03-19,0.0,4.5,17.6
2015-03-20,0.0,6.9,16.3
2015-03-21,0.0,6.8,12.5
2015-03-22,2.9,6.6,10.9
2015-03-23,0.3,4.3,14.4
2015-03-24,0.0,9.0,15.7
2015-03-25,0.0,8.7,14.6
2015-03-26,6.0,8.5,12.1
2015-03-27,3.9,9.7,16.9
2015-03-28,0.0,9.3,20.0
2015-03-29,0.0,4.6,16.3
2015-03-30,0.0,6.3,16.1
2015-03-31,0.0,7.2,20.9
2015-04-01,0.0,10.2,15.7
2015-04-02,0.0,2.9,16.6
2015-04-03,0.0,8.6,17.0
2015-04-04,0.0,5.7,15.4
2015-04-05,0.3,7.2,12.9
2015-04-06,0.0,4.1,12.8
2015-04-07,0.0,5.5,15.6
2015-04-08,0.0,5.0,21.3
2015-04-09,0.0,4.3,20.4
2015-04-10,0.0,5.3,20.9
2015-04-11,0.0,8.5,20.3
2015-04-12,0.0,8.0,22.9
2015-04-13,0.0,8.3,25.0
2015-04-14,0.0,11.1,23.4
2015-04-15,0.0,8.6,25.2
2015-04-16,0.0,9.0,22.8
2015-04-17,0.1,11.2,16.4
2015-04-18,0.1,8.5,20.7
2015-04-19,0.0,4.0,18.4
2015-04-20,0.0,4.2,21.9
2015-04-21,0.0,12.7,25.9
2015-04-22,0.0,8.8,26.3
2015-04-23,0.0,10.9,22.9
2015-04-24,0.0,10.3,23.2
2015-04-25,0.0,13.7,19.0
2015-04-26,0.0,11.9,20.8
2015-04-27,0.2,12.2,15.9
2015-04-28,4.1,12.0,22.5
2015-04-29,0.0,10.4,21.0
2015-04-30,0.3,10.8,18.6
2015-05-01,1.7,13.1,15.8
2015-05-02,0.0,12.9,24.1
2015-05-03,0.0,14.6,17.4
2015-05-04,1.8,14.9,19.8
2015-05-05,0.0,14.6,26.3
2015-05-06,0.0,16.4,26.0
2015-05-07,0.0,14.0,27.0
2015-05-08,0.0,14.4,25.7
2015-05-09,12.2,14.9,24.6
2015-05-10,0.0,13.7,26.6
2015-05-11,0.0,10.8,27.4
2015-05-12,0.0,13.5,25.9
2015-05-13,0.1,13.6,26.7
2015-05-14,0.0,16.7,27.8
2015-05-15,42.5,14.4,19.0
2015-05-16,4.6,15.9,25.8
2015-05-17,0.0,16.2,27.1
2015-05-18,0.0,15.3,26.5
2015-05-19,2.4,15.5,24.5
2015-05-20,6.9,10.8,16.4
2015-05-21,12.9,10.5,15.4
2015-05-22,5.0,12.1,19.3
2015-05-23,0.0,14.4,18.1
2015-05-24,0.0,11.5,23.4
2015-05-25,0.0,13.2,23.9
2015-05-26,0.0,12.2,22.6
2015-05-27,0.0,13.7,23.0
2015-05-28,0.0,7.7,24.1
2015-05-29,0.0,12.3,24.4
2015-05-30,0.0,15.0,26.0
2015-05-31,21.1,14.6,22.9
2015-06-01,0.1,15.0,26.3
2015-06-02,0.0,16.2,27.8
2015-06-03,0.0,16.0,30.5
2015-06-04,0.0,18.4,30.7
2015-06-05,0.0,17.5,31.6
2015-06-06,0.0,21.0,31.1
2015-06-07,0.1,20.0,32.2
2015-06-08,3.2,18.0,25.3
2015-06-09,0.0,18.4,27.7
2015-06-10,0.0,18.5,28.7
2015-06-11,0.1,15.9,29.0
2015-06-12,0.0,16.1,28.0
2015-06-13,1.7,17.2,28.0
2015-06-14,0.1,16.8,22.6
2015-06-15,6.9,16.7,22.7
2015-06-16,3.6,16.5,22.8
2015-06-17,4.1,16.4,27.9
2015-06-18,0.0,15.2,25.1
2015-06-19,0.5,16.5,27.1
2015-06-20,0.0,13.9,24.4
2015-06-21,0.0,12.5,24.7
2015-06-22,0.0,16.7,25.7
2015-06-23,18.2,15.5,24.5
2015-06-24,12.8,12.9,25.3
2015-06-25,0.0,15.1,26.1
2015-06-26,0.1,13.3,28.5
2015-06-27,0.0,18.4,27.9
2015-06-28,6.2,15.5,30.3
2015-06-29,0.0,18.5,27.4
2015-06-30,0.0,15.7,30.3
2015-07-01,0.0,20.6,31.2
2015-07-02,0.0,19.3,32.5
2015-07-03,0.0,20.1,32.4
2015-07-04,0.6,17.2,33.3
2015-07-05,0.0,18.9,34.3
2015-07-06,0.0,21.0,35.6
2015-07-07,0.1,24.8,35.3
2015-07-08,0.0,21.2,29.3
2015-07-09,7.8,21.0,30.4
2015-07-10,0.0,19.3,30.0
2015-07-11,0.0,16.6,31.9
2015-07-12,0.0,17.5,33.9
2015-07-13,0.0,23.0,32.7
2015-07-14,0.0,21.0,34.2
2015-07-15,0.0,20.9,34.5
2015-07-16,0.0,24.0,34.6
2015-07-17,0.0,22.4,35.7
2015-07-18,0.0,20.5,36.5
2015-07-19,0.0,21.2,36.4
2015-07-20,0.0,23.0,34.9
2015-07-21,0.0,24.8,37.0
2015-07-22,0.0,21.6,37.1
2015-07-23,0.0,23.4,36.5
2015-07-24,0.0,21.9,34.8
2015-07-25,2.4,19.7,32.4
2015-07-26,0.0,19.8,29.5
2015-07-27,0.8,19.6,31.7
2015-07-28,0.0,21.1,30.5
2015-07-29,0.0,20.9,29.0
2015-07-30,0.1,18.9,29.9
2015-07-31,0.0,17.2,30.3
2015-08-01,0.0,18.3,27.1
2015-08-02,11.2,18.2,28.1
2015-08-03,0.0,17.6,32.6
2015-08-04,0.0,19.7,34.1
2015-08-05,0.0,22.8,35.0
2015-08-06,0.1,20.2,36.5
2015-08-07,0.0,21.4,36.6
2015-08-08,1.5,21.4,29.2
2015-08-09,1.2,20.6,32.9
2015-08-10,0.0,19.7,34.2
2015-08-11,0.0,17.5,34.2
2015-08-12,0.0,18.4,35.1
2015-08-13,0.0,19.1,35.6
2015-08-14,0.0,18.5,32.4
2015-08-15,19.7,18.4,24.0
2015-08-16,9.8,17.8,22.6
2015-08-17,1.0,18.6,24.2
2015-08-18,3.8,17.6,27.7
2015-08-19,4.7,16.9,21.3
2015-08-20,3.5,16.1,27.5
2015-08-21,0.0,14.9,27.0
2015-08-22,0.0,15.6,26.9
2015-08-23,1.7,17.0,24.4
2015-08-24,1.9,16.7,21.8
2015-08-25,3.4,17.6,23.8
2015-08-26,0.0,16.9,29.2
2015-08-27,0.0,17.7,29.9
2015-08-28,0.0,17.5,30.9
2015-08-29,0.0,18.3,33.2
2015-08-30,0.0,17.0,33.0
2015-08-31,0.0,16.5,31.9
2015-09-01,0.0,16.5,30.8
2015-09-02,0.0,16.4,23.7
2015-09-03,8.8,17.0,24.5
2015-09-04,8.4,15.0,24.8
2015-09-05,12.1,13.6,19.7
2015-09-06,5.9,9.4,22.4
2015-09-07,0.0,11.4,22.2
2015-09-08,0.0,8.2,23.6
2015-09-09,0.0,11.7,23.0
2015-09-10,0.1,13.3,22.2
2015-09-11,5.5,13.2,21.7
2015-09-12,0.0,12.6,24.3
2015-09-13,0.0,15.3,19.7
2015-09-14,35.1,15.7,24.0
2015-09-15,2.8,14.3,24.8
2015-09-16,0.7,13.7,17.2
2015-09-17,1.1,13.1,25.9
2015-09-18,11.2,14.2,26.3
2015-09-19,0.0,12.3,22.4
2015-09-20,0.0,16.9,25.1
2015-09-21,0.0,10.3,22.9
2015-09-22,0.0,14.6,20.3
2015-09-23,10.6,10.5,17.4
2015-09-24,11.3,12.3,18.8
2015-09-25,0.0,12.4,23.0
2015-09-26,0.0,9.3,23.0
2015-09-27,0.0,12.9,20.6
2015-09-28,0.0,12.3,20.4
2015-09-29,0.0,10.4,20.2
2015-09-30,0.0,7.9,18.3
2015-10-01,1.8,9.7,16.8
2015-10-02,0.0,12.0,15.4
2015-10-03,8.1,11.8,19.0
2015-10-04,8.4,13.4,18.1
2015-10-05,2.0,12.3,19.2
2015-10-06,0.2,13.1,18.1
2015-10-07,0.1,15.4,20.4
2015-10-08,0.0,13.1,21.0
2015-10-09,2.5,13.7,19.5
2015-10-10,0.0,13.3,20.1
2015-10-11,0.0,12.2,20.6
2015-10-12,0.0,12.8,20.1
2015-10-13,9.2,13.2,16.6
2015-10-14,18.3,10.8,13.3
2015-10-15,15.4,9.8,13.0
2015-10-16,11.3,8.0,10.7
2015-10-17,8.8,6.0,11.7
2015-10-18,0.0,9.2,12.3
2015-10-19,0.0,7.9,14.9
2015-10-20,0.0,4.2,13.2
2015-10-21,0.0,2.5,12.8
2015-10-22,0.0,3.4,12.8
2015-10-23,0.0,4.1,16.4
2015-10-24,0.0,5.7,15.4
2015-10-25,0.0,7.5,15.5
2015-10-26,0.0,5.8,15.7
2015-10-27,0.0,3.9,15.9
2015-10-28,0.2,8.7,11.9
2015-10-29,13.0,10.4,13.9
2015-10-30,0.8,8.5,15.8
2015-10-31,0.0,6.8,16.0
2015-11-01,0.0,4.4,15.2
2015-11-02,0.0,2.4,12.7
2015-11-03,0.0,3.2,11.4
2015-11-04,0.0,5.0,12.9
2015-11-05,0.0,3.8,13.6
2015-11-06,0.0,6.8,15.1
2015-11-07,0.1,6.8,15.7
2015-11-08,0.0,6.9,16.1
2015-11-09,0.0,6.8,17.5
2015-11-10,0.0,6.5,18.7
2015-11-11,0.0,6.3,16.5
2015-11-12,0.0,6.2,16.4
2015-11-13,0.0,4.9,14.2
2015-11-14,0.0,4.3,12.3
2015-11-15,0.0,2.9,8.7
2015-11-16,0.0,2.3,12.8
2015-11-17,0.0,2.8,11.1
2015-11-18,0.0,4.1,12.3
2015-11-19,0.0,2.5,11.6
2015-11-20,0.0,6.1,9.8
2015-11-21,1.0,8.1,13.1
2015-11-22,0.0,5.2,11.2
2015-11-23,0.0,0.3,8.1
2015-11-24,0.0,-2.3,5.3
2015-11-25,0.0,-2.3,3.3
2015-11-26,0.0,-0.5,11.7
2015-11-27,0.0,-1.5,10.0
2015-11-28,0.0,-2.4,4.4
2015-11-29,0.0,-3.7,6.7
2015-11-30,0.0,-2.9,5.6
2015-12-01,0.0,-3.2,5.8
2015-12-02,0.0,-1.4,9.0
2015-12-03,0.0,0.0,7.9
2015-12-04,0.0,-1.3,6.7
2015-12-05,0.0,-0.6,6.6
2015-12-06,0.0,-2.7,4.7
2015-12-07,0.0,-1.7,6.0
2015-12-08,0.0,0.6,7.4
2015-12-09,0.0,-0.4,7.3
2015-12-10,0.0,-1.4,8.8
2015-12-11,0.0,-1.4,6.9
2015-12-12,0.0,-3.5,4.0
2015-12-13,0.0,-5.4,4.3
2015-12-14,0.0,-3.2,3.6
2015-12-15,0.0,-1.8,5.4
2015-12-16,0.0,-0.2,8.1
2015-12-17,0.0,0.1,8.3
2015-12-18,0.1,-0.3,8.0
2015-12-19,0.0,-0.2,8.1
2015-12-20,0.0,-0.6,7.8
2015-12-21,0.0,-1.7,6.0
2015-12-22,0.0,0.7,7.2
2015-12-23,0.0,-1.1,6.6
2015-12-24,0.0,-1.6,5.1
2015-12-25,0.0,-0.9,6.1
2015-12-26,0.0,-0.4,7.7
2015-12-27,0.0,-0.4,8.3
2015-12-28,0.0,-0.8,8.1
2015-12-29,0.0,-1.9,5.4
2015-12-30,0.0,-4.2,4.5
2015-12-31,0.0,-4.1,2.2
2016-01-01,0.0,-2.1,4.4
2016-01-02,0.0,-3.5,2.0
2016-01-03,0.7,0.1,5.1
2016-01-04,0.6,2.4,4.6
2016-01-05,0.0,-1.3,4.4
2016-01-06,0.0,-1.3,4.0
2016-01-07,0.0,-3.6,2.4
2016-01-08,0.0,-3.6,4.2
2016-01-09,0.0,1.3,4.1
2016-01-10,7.9,2.8,6.2
2016-01-11,4.5,4.0,9.1
2016-01-12,19.9,3.6,9.4
2016-01-13,0.0,0.8,7.4
2016-01-14,0.1,0.4,5.9
2016-01-15,0.0,-1.0,7.7
2016-01-16,0.0,0.4,8.2
2016-01-17,0.0,1.6,6.0
2016-01-18,0.0,-2.4,1.9
2016-01-19,0.0,-6.3,0.0
2016-01-20,0.0,-6.8,1.8
2016-01-21,0.0,-6.4,3.2
2016-01-22,0.0,-5.9,3.6
2016-01-23,0.0,-5.2,6.2
2016-01-24,0.0,-4.2,8.6
2016-01-25,0.0,-2.5,6.1
2016-01-26,0.0,-1.2,11.0
2016-01-27,0.0,-1.7,7.3
2016-01-28,0.0,1.2,10.5
2016-01-29,0.0,0.7,9.9
2016-01-30,0.0,2.4,8.8
2016-01-31,0.0,2.6,11.6
2016-02-01,0.0,0.6,9.7
2016-02-02,0.0,2.8,10.3
2016-02-03,0.0,6.0,9.1
2016-02-04,8.5,4.6,11.1
2016-02-05,0.0,1.3,11.7
2016-02-06,0.0,-0.6,9.6
2016-02-07,2.5,3.4,5.2
2016-02-08,21.9,3.9,5.9
2016-02-09,0.1,4.4,8.7
2016-02-10,24.4,2.3,9.9
2016-02-11,0.0,0.1,7.6
2016-02-12,0.0,0.1,7.1
2016-02-13,2.6,1.4,6.8
2016-02-14,0.0,0.9,4.5
2016-02-15,3.6,2.7,9.9
2016-02-16,0.0,5.3,10.5
2016-02-17,3.6,4.7,8.7
2016-02-18,2.3,3.6,11.1
2016-02-19,0.0,2.6,12.8
2016-02-20,0.0,3.6,11.0
2016-02-21,0.0,0.1,10.8
2016-02-22,0.0,1.2,12.4
2016-02-23,0.5,7.5,11.4
2016-02-24,0.1,7.1,12.0
2016-02-25,0.0,2.9,9.7
2016-02-26,0.0,0.7,11.4
2016-02-27,0.5,4.2,8.3
2016-02-28,10.2,4.0,7.0
2016-02-29,8.0,6.1,12.3
2016-03-01,5.7,7.1,15.5
2016-03-02,0.0,3.8,13.3
2016-03-03,15.0,4.6,9.0
2016-03-04,0.0,-0.2,11.8
2016-03-05,1.9,0.4,6.0
2016-03-06,26.5,0.8,7.2
2016-03-07,0.0,2.0,9.0
2016-03-08,0.6,2.7,10.6
2016-03-09,0.0,5.1,10.2
2016-03-10,0.1,4.3,14.6
2016-03-11,0.0,3.0,12.8
2016-03-12,0.0,6.9,15.0
2016-03-13,0.0,4.1,15.4
2016-03-14,0.0,6.0,15.1
2016-03-15,0.0,1.6,10.4
2016-03-16,2.0,4.1,11.0
2016-03-17,0.0,5.6,15.8
2016-03-18,0.0,4.0,18.3
2016-03-19,0.0,4.3,19.0
2016-03-20,0.0,3.4,18.0
2016-03-21,0.0,7.3,18.6
2016-03-22,0.0,8.1,18.8
2016-03-23,0.0,9.3,14.7
2016-03-24,0.0,8.0,17.3
2016-03-25,0.0,5.2,15.3
2016-03-26,0.0,3.8,19.5
2016-03-27,0.0,4.1,17.3
2016-03-28,0.0,10.4,14.1
2016-03-29,0.0,6.9,19.7
2016-03-30,0.0,11.0,17.4
2016-03-31,0.0,11.7,19.8
2016-04-01,0.0,10.9,20.7
2016-04-02,0.0,11.0,21.8
2016-04-03,0.0,8.5,23.2
2016-04-04,0.0,13.2,21.7
2016-04-05,0.0,11.5,22.8
2016-04-06,0.0,10.9,23.5
2016-04-07,2.1,12.7,19.2
2016-04-08,3.0,10.1,14.5
2016-04-09,11.8,9.0,14.9
2016-04-10,0.0,10.0,21.4
2016-04-11,0.0,10.0,22.2
2016-04-12,0.0,8.9,22.0
2016-04-13,0.0,10.9,21.9
2016-04-14,0.0,12.0,21.5
2016-04-15,0.1,7.5,20.4
2016-04-16,0.0,14.3,21.9
2016-04-17,0.1,15.0,18.5
2016-04-18,0.6,11.4,18.6
2016-04-19,4.7,10.5,21.7
2016-04-20,0.0,7.2,22.6
2016-04-21,0.0,11.8,22.6
2016-04-22,0.0,10.1,22.9
2016-04-23,0.0,11.8,16.8
2016-04-24,0.9,10.2,16.8
2016-04-25,0.0,6.2,15.0
2016-04-26,0.0,3.7,16.2
2016-04-27,3.8,5.2,11.7
2016-04-28,1.7,4.8,15.2
2016-04-29,0.0,6.9,19.6
2016-04-30,0.0,7.1,20.8
2016-05-01,2.6,9.1,14.8
2016-05-02,0.6,12.3,21.3
2016-05-03,0.0,12.0,23.2
2016-05-04,0.0,14.3,21.4
2016-05-05,0.0,10.9,21.8
2016-05-06,0.0,7.8,24.9
2016-05-07,0.0,9.5,25.5
2016-05-08,0.0,8.5,25.3
2016-05-09,0.0,14.2,20.0
2016-05-10,0.1,13.9,19.5
2016-05-11,0.3,13.3,16.7
2016-05-12,30.2,9.8,15.7
2016-05-13,1.0,9.0,16.3
2016-05-14,1.0,10.8,20.5
2016-05-15,1.7,11.0,22.2
2016-05-16,0.0,7.0,19.4
2016-05-17,0.0,7.7,21.9
2016-05-18,0.0,10.1,21.7
2016-05-19,5.1,11.9,16.6
2016-05-20,5.6,11.0,25.3
2016-05-21,0.0,11.0,26.4
2016-05-22,0.0,13.3,28.0
2016-05-23,0.0,10.2,19.7
2016-05-24,18.6,8.8,24.1
2016-05-25,0.0,10.3,25.9
2016-05-26,0.0,11.6,26.7
2016-05-27,0.0,14.6,28.4
2016-05-28,0.0,17.1,29.0
2016-05-29,2.1,14.8,20.7
2016-05-30,28.1,14.3,18.9
2016-05-31,12.4,14.4,21.7
2016-06-01,0.8,14.4,23.6
2016-06-02,0.0,14.7,23.7
2016-06-03,0.0,15.6,24.7
2016-06-04,0.6,15.7,23.8
2016-06-05,1.3,15.8,25.5
2016-06-06,19.5,14.9,24.7
2016-06-07,0.3,13.5,28.5
2016-06-08,0.0,16.5,26.1
2016-06-09,11.8,15.3,24.2
2016-06-10,13.9,13.3,25.8
2016-06-11,0.0,16.9,21.9
2016-06-12,5.4,15.1,25.0
2016-06-13,0.2,14.4,25.5
2016-06-14,0.4,15.4,23.4
2016-06-15,17.6,14.6,25.2
2016-06-16,0.3,15.9,24.9
2016-06-17,10.2,14.5,24.7
2016-06-18,0.2,13.2,23.6
2016-06-19,0.0,14.4,21.5
2016-06-20,0.0,16.8,27.2
2016-06-21,0.0,17.9,28.2
2016-06-22,0.0,18.5,31.7
2016-06-23,0.0,18.8,33.1
2016-06-24,0.0,20.3,34.2
2016-06-25,0.0,19.9,33.0
2016-06-26,26.0,18.6,27.9
2016-06-27,6.5,17.9,28.0
2016-06-28,0.0,14.4,28.6
2016-06-29,0.0,18.5,30.0
2016-06-30,0.0,19.6,30.2
2016-07-01,0.0,20.5,30.8
2016-07-02,0.0,20.7,28.6
2016-07-03,1.1,20.5,30.6
2016-07-04,0.0,19.1,25.4
2016-07-05,0.0,18.3,31.1
2016-07-06,2.7,16.8,31.3
2016-07-07,0.0,15.7,30.3
2016-07-08,0.0,21.1,31.1
2016-07-09,0.0,21.7,33.6
2016-07-10,0.0,19.5,32.8
2016-07-11,0.0,22.9,33.5
2016-07-12,5.1,19.9,26.7
2016-07-13,9.8,17.5,23.0
2016-07-14,6.0,16.9,25.3
2016-07-15,0.0,17.2,25.0
2016-07-16,0.0,16.0,26.6
2016-07-17,0.0,12.9,31.8
2016-07-18,0.0,15.4,32.5
2016-07-19,0.0,17.1,32.6
2016-07-20,0.0,21.0,33.3
2016-07-21,0.0,20.5,28.7
2016-07-22,0.1,20.2,28.0
2016-07-23,1.0,19.4,24.9
2016-07-24,3.6,19.1,29.8
2016-07-25,0.0,18.7,31.8
2016-07-26,0.8,20.5,31.5
2016-07-27,0.0,19.8,29.0
2016-07-28,1.0,18.5,29.7
2016-07-29,0.2,18.8,30.7
2016-07-30,0.0,19.9,31.9
2016-07-31,17.1,17.9,21.7
2016-08-01,9.7,19.1,27.6
2016-08-02,0.0,19.1,27.0
2016-08-03,0.0,17.5,30.1
2016-08-04,0.0,20.5,31.6
2016-08-05,24.1,16.5,25.7
2016-08-06,9.0,15.7,27.8
2016-08-07,0.0,18.0,29.5
2016-08-08,0.0,14.7,28.9
2016-08-09,0.0,17.3,25.2
2016-08-10,26.5,16.0,24.8
2016-08-11,0.0,12.2,24.8
2016-08-12,0.1,11.7,23.8
2016-08-13,0.0,12.5,27.2
2016-08-14,0.0,15.1,29.4
2016-08-15,1.1,19.8,29.1
2016-08-16,0.2,18.4,28.0
2016-08-17,0.0,16.0,26.3
2016-08-18,0.0,16.3,26.8
2016-08-19,4.2,19.0,27.1
2016-08-20,0.0,19.7,27.5
2016-08-21,8.7,18.8,24.8
2016-08-22,0.4,14.6,27.1
2016-08-23,0.0,13.9,28.6
2016-08-24,0.0,14.9,29.1
2016-08-25,0.0,16.3,29.3
2016-08-26,0.0,19.7,29.3
2016-08-27,0.0,17.4,29.8
2016-08-28,0.0,17.3,30.8
2016-08-29,0.0,20.4,28.2
2016-08-30,0.1,19.1,25.3
2016-08-31,0.0,19.7,29.4
2016-09-01,0.6,18.8,30.5
2016-09-02,0.0,17.3,29.2
2016-09-03,0.0,19.0,30.4
2016-09-04,0.0,18.9,28.5
2016-09-05,0.2,20.1,27.7
2016-09-06,0.0,12.6,27.1
2016-09-07,0.0,16.7,27.1
2016-09-08,0.0,16.2,29.4
2016-09-09,0.0,16.0,28.3
2016-09-10,0.0,16.1,27.9
2016-09-11,0.0,15.7,25.0
2016-09-12,0.0,16.9,29.8
2016-09-13,0.0,15.9,27.4
2016-09-14,0.1,15.2,29.6
2016-09-15,0.0,16.2,23.1
2016-09-16,0.5,15.4,20.8
2016-09-17,12.2,14.3,20.5
2016-09-18,0.0,14.3,20.2
2016-09-19,0.2,14.8,25.5
2016-09-20,0.0,14.4,23.8
2016-09-21,6.2,14.4,21.8
2016-09-22,0.0,14.3,22.4
2016-09-23,0.0,11.1,22.9
2016-09-24,1.4,13.9,24.3
2016-09-25,0.0,10.6,24.3
2016-09-26,0.0,10.9,23.8
2016-09-27,0.0,13.9,24.4
2016-09-28,0.0,12.1,24.4
2016-09-29,0.0,11.7,23.5
2016-09-30,0.0,15.5,22.9
2016-10-01,0.0,14.0,22.6
2016-10-02,0.0,14.7,21.3
2016-10-03,0.6,12.1,21.5
2016-10-04,0.0,8.4,21.8
2016-10-05,0.0,9.2,19.2
2016-10-06,0.0,4.6,18.1
2016-10-07,0.0,5.5,19.4
2016-10-08,0.1,10.0,16.4
2016-10-09,0.0,9.1,14.1
2016-10-10,0.1,9.0,15.0
2016-10-11,0.0,5.1,15.3
2016-10-12,0.0,2.4,14.5
2016-10-13,0.0,3.4,11.9
2016-10-14,5.7,8.2,10.8
2016-10-15,28.2,9.5,16.2
2016-10-16,0.0,9.5,17.8
2016-10-17,0.0,9.8,16.0
2016-10-18,0.8,12.1,17.5
2016-10-19,0.0,12.2,15.5
2016-10-20,2.3,11.0,16.2
2016-10-21,0.0,7.7,12.9
2016-10-22,0.0,8.8,13.5
2016-10-23,0.0,8.2,11.8
2016-10-24,1.4,9.9,13.3
2016-10-25,2.2,11.5,13.1
2016-10-26,8.1,11.3,16.8
2016-10-27,0.1,7.6,19.1
2016-10-28,0.0,5.4,15.2
2016-10-29,0.0,6.4,14.9
2016-10-30,0.0,4.6,16.0
2016-10-31,0.0,3.4,16.4
2016-11-01,0.0,6.8,15.5
2016-11-02,0.0,6.1,13.9
2016-11-03,0.0,5.5,16.5
2016-11-04,0.0,9.2,12.3
2016-11-05,3.3,7.7,10.1
2016-11-06,23.4,7.2,10.8
2016-11-07,15.3,3.9,10.4
2016-11-08,0.0,3.8,7.9
2016-11-09,0.0,0.4,6.2
2016-11-10,0.0,0.1,8.2
2016-11-11,0.1,1.7,8.3
2016-11-12,2.5,6.0,12.8
2016-11-13,0.0,4.3,7.9
2016-11-14,0.0,0.9,8.7
2016-11-15,0.0,-1.3,6.9
2016-11-16,0.0,0.9,9.0
2016-11-17,0.0,3.2,8.3
2016-11-18,1.6,5.4,8.1
2016-11-19,6.5,6.8,12.5
2016-11-20,3.6,6.8,10.0
2016-11-21,1.4,7.2,10.7
2016-11-22,0.3,8.5,12.7
2016-11-23,0.0,9.6,12.1
2016-11-24,1.5,8.9,12.8
2016-11-25,0.0,8.8,11.1
2016-11-26,4.9,9.3,11.0
2016-11-27,2.8,8.4,11.7
2016-11-28,0.0,3.0,12.5
2016-11-29,0.0,-1.6,5.8
2016-11-30,0.0,-1.0,5.8
2016-12-01,0.0,-2.8,3.9
2016-12-02,0.0,-2.1,7.2
2016-12-03,0.0,-1.6,5.6
2016-12-04,0.0,0.1,7.8
2016-12-05,0.0,0.7,8.8
2016-12-06,0.0,-0.6,7.5
2016-12-07,0.1,-1.8,5.8
2016-12-08,0.0,-1.8,5.7
2016-12-09,0.0,-1.4,7.2
2016-12-10,0.0,-2.6,6.3
2016-12-11,0.0,-3.9,4.6
2016-12-12,0.0,-2.4,12.2
2016-12-13,0.0,-1.8,5.9
2016-12-14,0.0,-1.7,4.7
2016-12-15,0.0,-3.1,5.5
2016-12-16,0.0,-3.3,3.3
2016-12-17,0.0,-3.6,5.6
2016-12-18,0.0,-3.4,4.0
2016-12-19,0.0,-0.1,5.0
2016-12-20,0.0,3.1,7.3
2016-12-21,0.0,2.2,9.5
2016-12-22,0.0,1.5,9.5
2016-12-23,0.0,0.0,8.0
2016-12-24,0.0,0.2,6.6
2016-12-25,0.0,-2.0,8.4
2016-12-26,0.0,-0.5,9.0
2016-12-27,0.0,1.7,16.0
2016-12-28,0.0,3.4,10.7
2016-12-29,0.0,-0.9,7.3
2016-12-30,0.0,-4.1,3.9
2016-12-31,0.0,-3.0,4.5
2017-01-01,0.0,-3.8,4.5
2017-01-02,0.0,-5.2,4.8
2017-01-03,0.0,-3.0,9.3
2017-01-04,0.0,-5.1,9.0
2017-01-05,0.0,2.2,6.9
2017-01-06,0.0,0.1,3.5
2017-01-07,0.0,-7.5,1.0
2017-01-08,0.0,-7.7,0.5
2017-01-09,0.0,-6.6,6.1
2017-01-10,0.0,-5.6,2.7
2017-01-11,0.0,-3.8,1.9
2017-01-12,0.0,-6.4,2.5
2017-01-13,1.4,-0.8,5.4
2017-01-14,0.1,-1.9,5.5
2017-01-15,0.0,0.1,5.3
2017-01-16,0.0,-4.1,4.1
2017-01-17,0.0,1.4,5.0
2017-01-18,0.1,-0.7,5.7
2017-01-19,0.0,-4.6,5.1
2017-01-20,0.0,-5.9,4.5
2017-01-21,0.0,-3.6,5.3
2017-01-22,0.0,-2.9,5.7
2017-01-23,0.0,-5.4,5.3
2017-01-24,0.0,-2.6,6.4
2017-01-25,0.0,-4.0,6.2
2017-01-26,0.0,-5.2,5.8
2017-01-27,0.0,-5.7,4.5
2017-01-28,0.0,-5.8,5.0
2017-01-29,0.0,-4.6,6.5
2017-01-30,0.0,-4.8,5.9
2017-01-31,0.0,2.0,3.9
2017-02-01,0.3,2.6,4.2
2017-02-02,0.9,3.4,5.6
2017-02-03,4.5,4.0,7.2
2017-02-04,9.6,4.4,7.2
2017-02-05,5.9,3.2,5.9
2017-02-06,14.0,3.4,10.9
2017-02-07,0.8,4.7,9.7
2017-02-08,0.0,4.0,9.6
2017-02-09,0.0,1.2,9.9
2017-02-10,0.0,3.1,6.9
2017-02-11,6.0,2.9,7.9
2017-02-12,0.0,2.7,10.4
2017-02-13,0.0,1.8,10.4
2017-02-14,0.1,2.7,11.5
2017-02-15,0.0,2.6,12.2
2017-02-16,0.0,3.4,13.8
2017-02-17,0.0,0.9,11.3
2017-02-18,0.0,0.3,12.7
2017-02-19,0.0,1.5,11.7
2017-02-20,0.0,-0.8,12.0
2017-02-21,0.0,2.6,10.8
2017-02-22,0.0,1.4,9.7
2017-02-23,0.0,6.2,10.4
2017-02-24,0.0,7.8,11.9
2017-02-25,0.0,2.7,13.0
2017-02-26,0.0,-0.3,11.6
2017-02-27,0.0,1.2,13.3
2017-02-28,1.0,7.0,9.4
2017-03-01,34.6,3.8,12.4
2017-03-02,0.0,1.2,13.7
2017-03-03,0.0,2.6,12.6
2017-03-04,0.0,8.0,12.2
2017-03-05,14.9,7.7,13.0
2017-03-06,0.0,4.7,13.6
2017-03-07,0.0,8.6,14.0
2017-03-08,0.0,6.1,15.4
2017-03-09,0.0,4.4,16.6
2017-03-10,0.0,8.9,17.8
2017-03-11,0.0,4.1,16.8
2017-03-12,0.0,2.9,15.8
2017-03-13,0.0,3.1,16.1
2017-03-14,0.0,5.4,21.1
2017-03-15,0.1,5.4,16.9
2017-03-16,0.0,4.7,20.2
2017-03-17,0.0,4.3,20.6
2017-03-18,0.0,6.9,19.5
2017-03-19,0.0,6.6,17.5
2017-03-20,0.0,5.8,19.4
2017-03-21,0.0,12.7,16.7
2017-03-22,0.0,12.1,16.2
2017-03-23,9.8,10.0,16.6
2017-03-24,2.4,10.6,19.3
2017-03-25,0.0,10.1,22.6
2017-03-26,0.0,9.3,17.8
2017-03-27,2.8,8.4,18.0
2017-03-28,0.0,5.1,20.9
2017-03-29,0.0,7.5,23.5
2017-03-30,0.0,7.2,24.0
2017-03-31,0.0,8.5,23.6
2017-04-01,0.0,9.6,21.9
2017-04-02,0.0,7.5,19.5
2017-04-03,0.2,9.5,23.9
2017-04-04,0.0,10.5,19.4
2017-04-05,1.9,8.7,15.4
2017-04-06,0.0,6.9,21.0
2017-04-07,0.0,6.6,21.1
2017-04-08,0.1,6.3,24.0
2017-04-09,0.0,8.1,23.7
2017-04-10,0.0,9.6,23.8
2017-04-11,0.0,9.6,23.6
2017-04-12,0.4,10.0,21.8
2017-04-13,0.0,10.9,23.3
2017-04-14,0.0,10.2,22.8
2017-04-15,0.0,12.1,20.1
2017-04-16,0.0,8.7,21.7
2017-04-17,0.0,7.3,16.3
2017-04-18,1.1,8.6,13.6
2017-04-19,0.0,5.7,12.3
2017-04-20,0.0,6.2,14.2
2017-04-21,0.0,4.0,18.8
2017-04-22,0.0,3.6,20.6
2017-04-23,0.0,6.9,21.3
2017-04-24,0.0,12.4,16.3
2017-04-25,0.1,12.5,18.4
2017-04-26,13.2,10.3,15.1
2017-04-27,48.6,9.7,15.5
2017-04-28,19.1,8.1,13.8
2017-04-29,0.0,6.5,18.6
2017-04-30,0.0,5.0,19.5
2017-05-01,0.0,6.9,14.8
2017-05-02,9.9,5.8,20.7
2017-05-03,6.8,8.8,16.4
2017-05-04,1.6,10.1,15.7
2017-05-05,0.7,9.4,22.8
2017-05-06,0.0,9.0,15.3
2017-05-07,10.5,10.6,20.3
2017-05-08,0.0,9.9,22.2
2017-05-09,0.0,11.8,22.6
2017-05-10,0.0,12.8,20.4
2017-05-11,0.0,13.6,20.5
2017-05-12,9.7,12.9,22.9
2017-05-13,0.6,14.6,26.2
2017-05-14,0.0,15.8,25.8
2017-05-15,0.0,15.0,25.5
2017-05-16,0.0,11.8,27.2
2017-05-17,0.0,13.3,27.7
2017-05-18,0.0,19.6,26.1
2017-05-19,0.0,13.8,23.6
2017-05-20,5.2,12.6,21.7
2017-05-21,0.0,15.1,26.4
2017-05-22,0.0,12.4,27.4
2017-05-23,0.1,13.2,28.7
2017-05-24,0.0,13.6,28.7
2017-05-25,0.0,17.0,28.4
2017-05-26,0.0,15.0,27.3
2017-05-27,0.0,14.7,29.2
2017-05-28,0.0,15.6,30.5
2017-05-29,0.0,16.7,30.7
2017-05-30,0.0,17.8,31.2
2017-05-31,0.1,18.0,30.6
2017-06-01,0.0,17.5,30.7
2017-06-02,0.0,18.6,28.3
2017-06-03,0.0,18.1,29.9
2017-06-04,1.6,18.5,25.2
2017-06-05,4.1,16.3,23.6
2017-06-06,10.7,16.0,21.6
2017-06-07,7.2,13.2,26.4
2017-06-08,0.0,9.8,25.5
2017-06-09,0.0,12.4,26.8
2017-06-10,0.0,15.4,31.0
2017-06-11,0.0,15.9,30.7
2017-06-12,0.0,18.9,31.7
2017-06-13,0.0,19.6,32.2
2017-06-14,0.0,20.5,27.4
2017-06-15,0.1,18.0,31.3
2017-06-16,0.2,20.2,32.2
2017-06-17,0.0,22.6,32.4
2017-06-18,0.0,16.6,30.8
2017-06-19,0.0,17.6,31.5
2017-06-20,0.0,18.6,33.3
2017-06-21,15.7,18.9,33.1
2017-06-22,25.5,18.4,32.4
2017-06-23,0.0,22.6,32.7
2017-06-24,0.0,20.8,33.7
2017-06-25,27.8,17.8,27.1
2017-06-26,1.1,15.6,30.7
2017-06-27,3.0,19.6,26.6
2017-06-28,3.5,15.0,25.8
2017-06-29,21.5,14.8,25.1
2017-06-30,5.3,14.2,23.0
2017-07-01,5.5,13.0,25.7
2017-07-02,0.0,14.2,27.6
2017-07-03,0.0,13.5,29.7
2017-07-04,0.0,17.8,29.0
2017-07-05,0.0,19.4,30.8
2017-07-06,0.0,17.7,32.5
2017-07-07,0.0,19.3,32.0
2017-07-08,3.9,19.5,33.7
2017-07-09,19.2,17.9,29.2
2017-07-10,34.8,19.6,30.1
2017-07-11,11.2,18.1,28.2
2017-07-12,0.0,17.1,29.3
2017-07-13,0.0,21.9,31.9
2017-07-14,5.8,18.4,27.0
2017-07-15,2.7,16.4,28.3
2017-07-16,0.0,15.2,28.6
2017-07-17,0.0,15.1,29.2
2017-07-18,0.0,19.5,30.9
2017-07-19,0.0,20.5,30.8
2017-07-20,0.0,19.2,30.3
2017-07-21,0.0,19.7,28.8
2017-07-22,25.4,19.2,30.0
2017-07-23,0.0,19.2,31.1
2017-07-24,4.7,17.7,23.3
2017-07-25,8.7,15.4,25.0
2017-07-26,0.0,12.2,26.1
2017-07-27,0.0,17.7,27.4
2017-07-28,0.0,15.2,30.0
2017-07-29,0.0,17.7,31.0
2017-07-30,2.5,18.7,30.4
2017-07-31,1.6,18.8,31.6
2017-08-01,0.0,19.7,34.2
2017-08-02,0.0,20.9,35.0
2017-08-03,0.0,20.1,34.6
2017-08-04,0.0,21.0,35.1
2017-08-05,0.0,23.5,35.5
2017-08-06,0.0,19.3,28.0
2017-08-07,16.2,17.7,29.2
2017-08-08,0.0,17.8,30.1
2017-08-09,0.4,18.6,31.2
2017-08-10,46.2,17.3,25.8
2017-08-11,41.0,16.2,25.4
2017-08-12,2.8,15.4,26.1
2017-08-13,0.0,13.7,28.2
2017-08-14,0.0,17.1,28.8
2017-08-15,0.0,16.0,30.2
2017-08-16,0.0,18.2,28.2
2017-08-17,0.0,16.9,30.7
2017-08-18,0.0,19.1,31.7
2017-08-19,13.1,17.1,26.4
2017-08-20,2.2,16.4,26.0
2017-08-21,0.0,15.3,26.3
2017-08-22,0.0,13.4,25.7
2017-08-23,0.0,14.3,27.6
2017-08-24,0.0,15.5,30.0
2017-08-25,0.0,19.1,30.5
2017-08-26,0.0,18.3,30.7
2017-08-27,2.3,19.2,28.8
2017-08-28,0.0,20.1,27.6
2017-08-29,0.4,16.6,29.4
2017-08-30,0.0,16.2,29.7
2017-08-31,0.0,18.5,29.7
2017-09-01,0.6,16.8,22.9
2017-09-02,0.8,13.3,18.8
2017-09-03,29.2,13.3,22.5
2017-09-04,0.0,10.6,23.5
2017-09-05,0.1,14.8,25.9
2017-09-06,0.0,14.3,25.1
2017-09-07,0.0,17.9,25.3
2017-09-08,0.6,16.0,24.1
2017-09-09,0.0,16.6,24.5
2017-09-10,22.4,14.2,16.3
2017-09-11,2.6,13.9,20.4
2017-09-12,10.6,11.2,19.0
2017-09-13,22.8,9.9,18.8
2017-09-14,0.0,12.5,20.2
2017-09-15,3.9,11.1,18.8
2017-09-16,3.8,13.1,18.0
2017-09-17,6.3,10.2,16.4
2017-09-18,0.5,10.1,18.0
2017-09-19,1.4,12.0,17.0
2017-09-20,0.8,12.0,20.2
2017-09-21,0.0,7.7,19.7
2017-09-22,0.0,7.1,21.7
2017-09-23,0.0,9.7,20.6
2017-09-24,2.3,13.5,21.4
2017-09-25,0.0,12.0,20.4
2017-09-26,0.0,11.4,21.7
2017-09-27,0.0,9.4,21.7
2017-09-28,0.0,10.3,21.5
2017-09-29,0.0,14.1,20.6
2017-09-30,0.0,14.2,19.7
2017-10-01,0.7,13.9,16.6
2017-10-02,3.6,12.2,20.3
2017-10-03,0.0,14.5,16.3
2017-10-04,0.1,10.7,18.3
2017-10-05,0.0,10.6,21.3
2017-10-06,0.1,13.3,20.2
2017-10-07,0.0,5.4,18.9
2017-10-08,0.0,8.2,18.9
2017-10-09,0.0,6.0,18.3
2017-10-10,0.0,6.8,19.1
2017-10-11,0.0,9.8,19.3
2017-10-12,0.0,10.9,21.3
2017-10-13,0.0,9.6,19.3
2017-10-14,0.0,8.7,20.6
2017-10-15,0.0,7.6,19.5
2017-10-16,0.0,9.5,20.8
2017-10-17,0.0,8.0,19.2
2017-10-18,0.0,6.6,20.3
2017-10-19,0.0,7.2,18.5
2017-10-20,0.0,6.7,18.6
2017-10-21,0.0,9.7,18.0
2017-10-22,3.2,11.8,14.6
2017-10-23,0.7,6.0,18.1
2017-10-24,0.0,7.4,21.2
2017-10-25,0.0,7.8,16.2
2017-10-26,0.0,7.0,16.2
2017-10-27,0.0,6.9,20.7
2017-10-28,0.0,3.9,15.3
2017-10-29,0.0,2.4,19.2
2017-10-30,0.0,10.8,17.6
2017-10-31,0.0,3.7,12.6
2017-11-01,0.0,2.0,12.7
2017-11-02,0.0,2.1,10.8
2017-11-03,0.0,3.5,13.8
2017-11-04,0.1,3.5,10.7
2017-11-05,0.0,7.8,10.7
2017-11-06,52.2,7.2,12.3
2017-11-07,0.0,8.1,11.3
2017-11-08,4.5,6.8,11.9
2017-11-09,0.2,5.7,12.6
2017-11-10,0.0,3.4,10.7
2017-11-11,0.0,2.7,11.0
2017-11-12,0.0,5.0,11.4
2017-11-13,24.0,6.4,10.7
2017-11-14,0.0,7.3,12.6
2017-11-15,0.0,4.2,11.7
2017-11-16,0.0,1.7,10.6
2017-11-17,0.0,1.1,11.0
2017-11-18,0.0,0.1,10.6
2017-11-19,0.0,-0.8,13.4
2017-11-20,0.0,-1.0,8.7
2017-11-21,0.0,-1.5,7.2
2017-11-22,0.0,-0.8,8.2
2017-11-23,0.0,2.0,9.9
2017-11-24,0.0,1.9,8.5
2017-11-25,0.0,4.8,9.2
2017-11-26,8.2,4.8,10.7
2017-11-27,0.0,-1.5,8.4
2017-11-28,0.0,-3.5,3.2
2017-11-29,0.0,1.6,3.5
2017-11-30,4.1,1.8,8.7
2017-12-01,0.0,-0.4,3.5
2017-12-02,0.0,0.2,5.4
2017-12-03,0.0,-3.0,5.5
2017-12-04,0.0,-3.1,3.2
2017-12-05,0.0,-3.7,5.9
2017-12-06,0.0,-1.8,8.0
2017-12-07,0.0,-3.7,3.6
2017-12-08,0.0,-0.9,6.9
2017-12-09,0.1,0.0,7.2
2017-12-10,0.0,-4.4,2.0
2017-12-11,13.5,-2.4,0.9
2017-12-12,57.9,0.7,9.9
2017-12-13,0.1,1.8,7.8
2017-12-14,0.0,-0.8,3.4
2017-12-15,0.0,-3.1,6.5
2017-12-16,0.0,-2.5,6.0
2017-12-17,0.0,-3.7,6.5
2017-12-18,0.0,-5.2,3.0
2017-12-19,0.0,-6.7,0.9
2017-12-20,0.0,-4.1,2.8
2017-12-21,0.0,-5.9,2.2
2017-12-22,0.0,-4.5,1.0
2017-12-23,0.0,-4.7,10.1
2017-12-24,0.0,-0.5,9.4
2017-12-25,0.0,-4.2,3.3
2017-12-26,0.0,-1.1,3.1
2017-12-27,12.6,0.6,2.1
2017-12-28,35.4,0.5,7.1
2017-12-29,0.0,-1.4,4.7
2017-12-30,0.0,-2.0,3.1
2017-12-31,0.0,-3.9,2.2
2018-01-01,1.9,0.6,4.7
2018-01-02,4.7,-0.4,7.3
2018-01-03,0.0,-1.2,4.2
2018-01-04,0.1,1.0,5.2
2018-01-05,0.0,-1.5,4.1
2018-01-06,0.4,2.2,5.4
2018-01-07,0.5,2.8,6.9
2018-01-08,0.3,2.9,7.2
2018-01-09,23.0,4.2,7.7
2018-01-10,4.5,2.7,6.6
2018-01-11,0.0,1.4,7.6
2018-01-12,0.0,0.4,10.4
2018-01-13,0.0,-1.3,5.2
2018-01-14,0.0,-2.2,2.7
2018-01-15,0.0,0.1,4.4
2018-01-16,0.4,1.5,3.7
2018-01-17,0.0,1.3,9.4
2018-01-18,0.0,-1.2,7.1
2018-01-19,0.0,-1.4,10.3
2018-01-20,0.0,-0.8,6.4
2018-01-21,0.3,1.6,9.6
2018-01-22,0.0,1.1,7.2
2018-01-23,0.0,-0.5,8.6
2018-01-24,0.0,-0.9,7.4
2018-01-25,0.0,-1.3,5.1
2018-01-26,0.0,0.7,5.5
2018-01-27,1.5,0.1,9.3
2018-01-28,0.0,0.1,9.3
2018-01-29,0.0,0.3,10.5
2018-01-30,0.0,-0.6,9.5
2018-01-31,0.0,3.2,7.5
2018-02-01,1.0,4.1,8.4
2018-02-02,11.0,4.2,7.3
2018-02-03,0.0,2.1,8.3
2018-02-04,0.0,-0.8,5.6
2018-02-05,0.0,-0.8,5.8
2018-02-06,0.0,0.9,5.0
2018-02-07,0.0,2.8,7.2
2018-02-08,0.1,2.1,10.0
2018-02-09,0.2,4.2,7.5
2018-02-10,0.3,3.2,10.8
2018-02-11,0.0,-0.6,7.5
2018-02-12,0.5,1.0,7.0
2018-02-13,0.0,0.8,6.2
2018-02-14,0.1,-3.1,5.7
2018-02-15,0.0,-4.7,4.2
2018-02-16,0.0,-3.0,8.4
2018-02-17,0.0,-1.6,9.5
2018-02-18,1.2,3.8,9.5
2018-02-19,0.0,3.7,7.7
2018-02-20,0.0,2.9,9.9
2018-02-21,0.0,1.9,10.5
2018-02-22,0.0,5.0,8.3
2018-02-23,0.0,4.9,10.2
2018-02-24,0.0,5.2,13.4
2018-02-25,2.4,-1.9,6.3
2018-02-26,0.2,-3.5,2.1
2018-02-27,0.0,-4.4,1.1
2018-02-28,0.0,-5.0,1.3
2018-03-01,0.0,-3.0,-0.2
2018-03-02,0.2,-1.0,3.6
2018-03-03,1.9,0.7,5.3
2018-03-04,0.0,2.4,11.9
2018-03-05,0.1,3.3,9.1
2018-03-06,3.5,5.3,8.1
2018-03-07,1.2,4.5,7.6
2018-03-08,5.9,2.6,12.2
2018-03-09,0.0,1.0,13.9
2018-03-10,0.0,7.1,10.0
2018-03-11,1.0,7.0,8.3
2018-03-12,18.6,7.0,13.9
2018-03-13,0.8,7.9,15.7
2018-03-14,0.0,4.0,16.9
2018-03-15,0.1,6.6,10.9
2018-03-16,15.5,5.4,16.3
2018-03-17,0.0,7.2,11.2
2018-03-18,6.0,6.6,11.3
2018-03-19,5.1,4.2,8.0
2018-03-20,0.9,2.7,12.4
2018-03-21,0.0,3.9,10.2
2018-03-22,0.0,1.5,14.2
2018-03-23,0.0,5.0,14.6
2018-03-24,0.0,1.1,12.6
2018-03-25,0.0,5.0,14.5
2018-03-26,0.0,1.9,15.0
2018-03-27,0.0,4.5,16.1
2018-03-28,0.0,6.9,16.9
2018-03-29,0.0,10.1,13.8
2018-03-30,3.8,8.4,15.9
2018-03-31,35.9,6.1,13.3
2018-04-01,7.6,7.3,17.0
2018-04-02,0.0,6.2,17.4
2018-04-03,0.0,7.1,14.1
2018-04-04,7.8,8.6,12.7
2018-04-05,13.8,8.8,18.7
2018-04-06,0.0,7.4,20.2
2018-04-07,0.0,9.6,19.7
2018-04-08,0.0,8.8,21.6
2018-04-09,0.0,8.8,17.0
2018-04-10,0.3,8.9,17.5
2018-04-11,6.8,8.1,16.0
2018-04-12,17.7,8.5,12.3
2018-04-13,28.1,7.8,16.2
2018-04-14,0.0,5.8,21.3
2018-04-15,0.0,10.6,18.2
2018-04-16,2.7,11.7,22.1
2018-04-17,0.0,11.3,25.1
2018-04-18,0.0,9.4,26.3
2018-04-19,0.0,10.0,26.0
2018-04-20,0.0,10.7,26.3
2018-04-21,0.0,10.5,27.7
2018-04-22,0.0,11.7,26.7
2018-04-23,0.0,11.5,26.2
2018-04-24,0.0,12.4,26.7
2018-04-25,0.0,15.7,26.0
2018-04-26,0.0,15.2,25.5
2018-04-27,0.0,15.0,24.2
2018-04-28,0.0,10.5,26.2
2018-04-29,0.0,14.0,23.6
2018-04-30,6.5,14.0,21.7
2018-05-01,0.0,9.4,20.5
2018-05-02,7.1,11.6,17.3
2018-05-03,10.5,13.7,22.7
2018-05-04,0.2,13.5,18.1
2018-05-05,2.1,13.5,20.1
2018-05-06,0.0,14.2,27.7
2018-05-07,6.4,14.8,24.0
2018-05-08,0.0,14.0,26.2
2018-05-09,0.1,12.4,21.5
2018-05-10,4.3,12.5,23.0
2018-05-11,0.1,12.6,22.7
2018-05-12,0.1,12.8,23.2
2018-05-13,0.0,13.7,24.0
2018-05-14,6.3,12.8,16.7
2018-05-15,12.8,9.7,14.9
2018-05-16,0.8,8.0,22.4
2018-05-17,0.1,12.1,22.3
2018-05-18,0.0,10.5,25.5
2018-05-19,0.0,14.4,21.2
2018-05-20,0.0,12.4,21.5
2018-05-21,1.8,12.7,24.8
2018-05-22,0.0,12.6,18.8
2018-05-23,0.1,14.5,21.9
2018-05-24,2.7,15.8,24.9
2018-05-25,0.0,17.0,29.7
2018-05-26,0.0,17.6,28.6
2018-05-27,0.0,17.8,27.4
2018-05-28,2.5,15.4,27.7
2018-05-29,10.6,16.8,26.0
2018-05-30,0.0,16.7,29.1
2018-05-31,0.1,16.4,27.2
2018-06-01,0.0,16.7,28.4
2018-06-02,0.0,16.4,27.2
2018-06-03,1.0,15.7,28.7
2018-06-04,0.0,15.5,27.4
2018-06-05,3.2,14.0,29.0
2018-06-06,0.0,17.1,28.0
2018-06-07,0.2,17.7,24.4
2018-06-08,8.3,17.0,26.8
2018-06-09,1.2,16.1,29.5
2018-06-10,0.0,15.9,30.9
2018-06-11,0.0,19.9,31.5
2018-06-12,0.0,18.2,25.0
2018-06-13,7.2,17.2,21.0
2018-06-14,0.9,17.3,27.8
2018-06-15,0.0,14.0,28.8
2018-06-16,0.0,14.6,29.4
2018-06-17,0.0,16.2,32.0
2018-06-18,0.0,18.8,30.3
2018-06-19,0.0,15.6,32.5
2018-06-20,0.0,17.8,31.3
2018-06-21,0.0,18.6,32.0
2018-06-22,0.1,19.5,30.4
2018-06-23,0.0,13.6,26.7
2018-06-24,0.0,13.7,26.5
2018-06-25,0.3,15.4,28.7
2018-06-26,0.0,13.0,29.9
2018-06-27,0.0,14.9,30.0
2018-06-28,0.0,17.6,25.9
2018-06-29,0.0,18.2,30.6
2018-06-30,0.0,15.8,34.2
2018-07-01,0.0,20.3,31.0
2018-07-02,0.0,22.2,29.3
2018-07-03,0.0,18.4,31.2
2018-07-04,16.6,18.2,27.4
2018-07-05,1.0,17.1,28.6
2018-07-06,14.4,16.4,27.1
2018-07-07,0.0,18.7,30.7
2018-07-08,0.0,15.5,31.2
2018-07-09,0.0,16.5,31.1
2018-07-10,0.0,18.0,28.3
2018-07-11,7.8,17.3,27.0
2018-07-12,0.0,18.7,27.5
2018-07-13,12.0,18.6,29.5
2018-07-14,0.5,18.8,31.0
2018-07-15,5.3,17.7,29.2
2018-07-16,19.7,17.6,27.9
2018-07-17,0.0,16.3,30.8
2018-07-18,0.0,15.3,31.9
2018-07-19,0.0,16.6,32.3
2018-07-20,0.0,19.0,26.8
2018-07-21,21.8,18.2,23.5
2018-07-22,2.4,18.6,28.4
2018-07-23,0.0,18.1,31.0
2018-07-24,0.0,17.4,30.7
2018-07-25,0.0,20.3,33.1
2018-07-26,0.0,17.8,31.4
2018-07-27,0.0,18.6,31.1
2018-07-28,2.0,19.7,31.5
2018-07-29,0.0,17.2,32.5
2018-07-30,0.0,20.9,34.3
2018-07-31,0.0,19.7,34.7
2018-08-01,0.0,20.7,35.5
2018-08-02,0.0,21.6,32.7
2018-08-03,1.7,20.2,33.4
2018-08-04,9.0,20.1,32.8
2018-08-05,0.0,19.7,33.8
2018-08-06,0.3,21.3,33.0
2018-08-07,0.0,20.8,32.8
2018-08-08,0.0,20.5,32.7
2018-08-09,0.0,18.7,32.6
2018-08-10,0.1,19.5,31.7
2018-08-11,0.0,20.8,32.2
2018-08-12,0.0,20.3,30.2
2018-08-13,0.0,18.3,31.6
2018-08-14,0.2,17.5,27.7
2018-08-15,1.5,14.8,30.7
2018-08-16,0.0,20.1,30.3
2018-08-17,0.0,18.9,31.9
2018-08-18,0.0,20.3,32.3
2018-08-19,1.6,19.2,32.7
2018-08-20,1.1,19.8,33.1
2018-08-21,16.4,19.1,32.1
2018-08-22,0.0,20.4,31.2
2018-08-23,0.1,20.2,29.1
2018-08-24,0.0,19.7,27.8
2018-08-25,3.2,14.2,23.5
2018-08-26,33.2,12.5,23.2
2018-08-27,0.0,11.8,25.9
2018-08-28,0.0,12.7,28.6
2018-08-29,0.0,12.8,28.5
2018-08-30,0.0,16.9,23.8
2018-08-31,10.5,16.9,21.2
2018-09-01,33.2,14.7,19.5
2018-09-02,9.0,14.8,18.1
2018-09-03,1.6,14.7,23.8
2018-09-04,0.1,13.1,26.5
2018-09-05,0.0,13.6,27.3
2018-09-06,0.0,16.9,26.8
2018-09-07,0.0,17.4,23.5
2018-09-08,0.3,17.1,27.5
2018-09-09,0.0,16.2,28.2
2018-09-10,0.0,17.3,28.0
2018-09-11,0.0,16.7,28.4
2018-09-12,0.0,15.7,28.6
2018-09-13,0.0,17.3,28.6
2018-09-14,0.0,16.6,27.0
2018-09-15,6.4,17.8,27.4
2018-09-16,0.0,16.4,26.9
2018-09-17,0.0,16.8,27.9
2018-09-18,0.0,15.8,26.4
2018-09-19,0.0,17.1,26.8
2018-09-20,0.0,16.1,27.0
2018-09-21,0.0,14.4,27.5
2018-09-22,0.0,16.8,24.9
2018-09-23,0.0,21.1,25.8
2018-09-24,0.1,14.9,23.0
2018-09-25,0.0,7.5,20.8
2018-09-26,0.0,6.2,19.2
2018-09-27,0.0,7.6,23.2
2018-09-28,0.0,9.1,23.4
2018-09-29,0.0,9.3,24.7
2018-09-30,0.0,11.3,21.7
2018-10-01,0.0,10.5,15.0
2018-10-02,4.3,9.5,17.8
2018-10-03,0.0,7.0,22.1
2018-10-04,0.0,7.3,22.4
2018-10-05,0.0,8.3,21.9
2018-10-06,0.1,12.6,18.6
2018-10-07,0.4,11.7,20.1
2018-10-08,0.0,11.5,22.7
2018-10-09,0.0,12.2,23.3
2018-10-10,0.0,11.5,23.1
2018-10-11,0.0,9.8,20.7
2018-10-12,0.0,12.5,21.8
2018-10-13,0.0,10.6,22.7
2018-10-14,0.0,8.1,20.1
2018-10-15,0.1,10.9,21.1
2018-10-16,0.0,9.5,17.9
2018-10-17,0.0,9.0,18.3
2018-10-18,0.0,11.4,18.9
2018-10-19,0.0,10.5,20.8
2018-10-20,0.0,9.5,20.4
2018-10-21,0.0,7.1,19.5
2018-10-22,0.0,4.5,14.8
2018-10-23,0.0,2.5,16.1
2018-10-24,0.0,4.4,27.1
2018-10-25,0.0,12.3,21.8
2018-10-26,0.0,12.1,16.4
2018-10-27,6.7,12.2,16.9
2018-10-28,116.0,10.1,12.9
2018-10-29,43.4,10.2,15.9
2018-10-30,51.3,9.2,14.8
2018-10-31,2.3,6.2,13.1
2018-11-01,13.4,8.4,11.1
2018-11-02,2.8,8.2,12.5
2018-11-03,9.6,10.9,15.6
2018-11-04,0.0,10.6,15.2
2018-11-05,5.6,11.5,14.2
2018-11-06,6.6,11.1,13.4
2018-11-07,11.4,11.9,13.8
2018-11-08,1.5,11.4,14.9
2018-11-09,0.0,11.5,15.1
2018-11-10,0.0,9.6,14.1
2018-11-11,0.0,12.0,13.9
2018-11-12,0.0,11.5,15.9
2018-11-13,0.0,8.4,15.6
2018-11-14,0.0,5.9,13.7
2018-11-15,0.0,4.6,11.7
2018-11-16,0.0,2.4,8.2
2018-11-17,0.0,2.1,10.5
2018-11-18,0.0,-0.3,7.8
2018-11-19,0.0,2.1,7.1
2018-11-20,4.5,2.7,6.5
2018-11-21,0.0,1.8,8.5
2018-11-22,0.2,4.4,9.5
2018-11-23,0.0,5.5,10.1
2018-11-24,24.9,6.4,9.2
2018-11-25,0.2,5.4,10.1
2018-11-26,0.0,5.3,9.1
2018-11-27,0.0,5.4,13.4
2018-11-28,0.0,0.2,10.6
2018-11-29,0.0,-1.0,6.4
2018-11-30,0.0,-0.5,5.1
2018-12-01,0.0,-1.2,5.7
2018-12-02,0.0,-1.4,5.0
2018-12-03,0.0,2.1,8.3
2018-12-04,0.5,2.0,10.9
2018-12-05,0.0,1.0,9.0
2018-12-06,0.0,3.2,9.5
2018-12-07,0.1,1.9,8.3
2018-12-08,0.4,0.4,13.4
2018-12-09,0.0,-2.1,8.0
2018-12-10,0.0,2.3,12.0
2018-12-11,0.2,2.9,9.3
2018-12-12,0.0,-2.5,5.6
2018-12-13,0.0,-3.1,2.3
2018-12-14,0.0,-4.4,4.1
2018-12-15,0.0,-4.8,4.7
2018-12-16,0.0,-5.1,1.7
2018-12-17,0.0,-2.5,4.1
2018-12-18,0.0,-5.1,3.3
2018-12-19,0.0,-4.7,2.2
2018-12-20,1.2,-3.5,2.2
2018-12-21,0.0,-4.1,1.7
2018-12-22,0.0,-0.7,5.3
2018-12-23,0.0,-3.2,4.2
2018-12-24,0.0,-2.1,12.2
2018-12-25,0.5,-1.0,6.6
2018-12-26,0.0,-2.3,7.4
2018-12-27,0.0,-2.5,6.6
2018-12-28,0.0,0.3,6.2
2018-12-29,0.0,-1.0,8.4
2018-12-30,0.0,-1.8,14.1
2018-12-31,0.0,0.1,11.5
2019-01-01,0.0,-2.0,5.1
2019-01-02,0.0,-2.2,11.0
2019-01-03,0.0,3.8,6.5
2019-01-04,0.0,-2.2,8.7
2019-01-05,0.0,-4.2,12.9
2019-01-06,0.0,3.0,13.8
2019-01-07,0.0,1.3,13.0
2019-01-08,0.0,-1.9,4.4
2019-01-09,0.1,-2.3,7.8
2019-01-10,0.0,3.6,8.5
2019-01-11,0.0,1.2,7.0
2019-01-12,0.0,-2.5,3.4
2019-01-13,0.0,-3.5,11.1
2019-01-14,0.1,1.2,10.9
2019-01-15,0.0,0.0,10.5
2019-01-16,0.0,-1.2,7.4
2019-01-17,0.0,2.5,4.4
2019-01-18,1.2,2.4,9.3
2019-01-19,0.0,-1.9,4.7
2019-01-20,0.0,-3.2,3.6
2019-01-21,0.0,-3.7,5.2
2019-01-22,0.0,-3.8,4.5
2019-01-23,0.0,-3.8,2.3
2019-01-24,0.0,-2.5,6.6
2019-01-25,0.0,0.8,8.4
2019-01-26,0.0,-0.4,7.5
2019-01-27,0.0,-3.2,2.2
2019-01-28,2.6,-1.7,8.5
2019-01-29,0.0,-2.9,6.5
2019-01-30,0.0,-3.2,4.3
2019-01-31,2.1,-0.4,3.9
2019-02-01,4.0,0.2,1.9
2019-02-02,48.5,0.5,3.4
2019-02-03,12.9,1.5,9.0
2019-02-04,0.3,2.4,7.1
2019-02-05,0.0,0.4,7.7
2019-02-06,0.0,-1.0,7.5
2019-02-07,0.1,-0.5,6.1
2019-02-08,0.0,1.2,10.1
2019-02-09,0.0,-0.6,7.5
2019-02-10,0.0,1.0,3.8
2019-02-11,5.6,1.8,10.8
2019-02-12,0.0,5.5,12.6
2019-02-13,0.0,0.3,8.9
2019-02-14,0.0,-1.0,11.7
2019-02-15,0.0,1.5,13.3
2019-02-16,0.0,-0.2,11.5
2019-02-17,0.0,2.7,12.9
2019-02-18,0.0,1.6,11.9
2019-02-19,0.0,-0.7,12.9
2019-02-20,0.0,-0.5,11.6
2019-02-21,0.0,0.5,13.5
2019-02-22,0.0,-0.3,19.0
2019-02-23,0.0,2.6,10.4
2019-02-24,0.0,-1.6,7.1
2019-02-25,0.0,-0.5,13.7
2019-02-26,0.0,5.0,12.7
2019-02-27,0.0,4.8,21.0
2019-02-28,0.0,2.1,18.1
2019-03-01,0.0,1.0,14.6
2019-03-02,0.0,1.0,16.4
2019-03-03,0.0,1.0,17.0
2019-03-04,0.0,1.7,13.6
2019-03-05,1.7,3.9,16.0
2019-03-06,0.0,1.6,14.7
2019-03-07,1.9,8.0,11.8
2019-03-08,18.3,7.6,15.7
2019-03-09,0.0,4.2,16.5
2019-03-10,0.0,3.9,16.2
2019-03-11,0.0,6.4,14.3
2019-03-12,0.0,0.7,14.1
2019-03-13,0.0,0.2,12.4
2019-03-14,0.1,-0.8,13.6
2019-03-15,0.0,6.1,16.8
2019-03-16,0.0,6.2,19.4
2019-03-17,0.0,5.0,14.8
2019-03-18,3.6,5.2,12.6
2019-03-19,0.0,3.5,13.6
2019-03-20,0.0,1.2,15.2
2019-03-21,0.0,0.6,15.9
2019-03-22,0.0,2.3,20.1
2019-03-23,0.0,3.7,22.2
2019-03-24,0.0,5.4,23.3
2019-03-25,0.0,6.3,20.7
2019-03-26,0.0,7.9,15.7
2019-03-27,0.0,6.5,17.0
2019-03-28,0.0,1.2,17.5
2019-03-29,0.0,3.4,19.0
2019-03-30,0.0,5.0,21.4
2019-03-31,0.0,4.7,23.3
2019-04-01,0.0,5.0,23.3
2019-04-02,0.0,7.2,20.7
2019-04-03,3.5,8.8,14.3
2019-04-04,14.5,5.8,9.5
2019-04-05,71.6,3.6,14.6
2019-04-06,0.0,10.1,14.8
2019-04-07,0.0,8.0,15.6
2019-04-08,1.4,7.8,14.6
2019-04-09,0.1,9.8,12.5
2019-04-10,17.6,9.6,16.7
2019-04-11,0.2,10.5,14.2
2019-04-12,0.4,8.6,17.4
2019-04-13,2.4,9.1,14.9
2019-04-14,1.2,7.2,11.4
2019-04-15,0.7,7.7,18.0
2019-04-16,0.0,6.1,19.3
2019-04-17,0.0,7.5,22.4
2019-04-18,0.0,10.3,21.4
2019-04-19,0.1,10.4,22.9
2019-04-20,0.0,8.6,24.1
2019-04-21,0.0,9.6,24.7
2019-04-22,0.0,9.0,23.1
2019-04-23,0.0,11.5,15.1
2019-04-24,18.8,11.4,19.1
2019-04-25,6.1,11.9,20.0
2019-04-26,2.6,10.0,19.1
2019-04-27,12.3,9.4,20.7
2019-04-28,9.5,8.1,13.8
2019-04-29,2.0,7.7,16.5
2019-04-30,0.0,7.0,21.4
2019-05-01,0.0,9.9,23.0
2019-05-02,0.0,9.8,22.6
2019-05-03,5.1,11.3,18.1
2019-05-04,1.0,8.8,17.2
2019-05-05,39.8,6.0,11.2
2019-05-06,0.0,9.4,16.5
2019-05-07,0.0,5.5,18.0
2019-05-08,0.0,10.0,13.7
2019-05-09,1.8,9.0,19.7
2019-05-10,0.0,10.5,22.0
2019-05-11,0.0,9.2,17.2
2019-05-12,31.1,9.1,16.3
2019-05-13,0.0,14.0,20.1
2019-05-14,0.0,10.3,17.7
2019-05-15,0.0,9.3,18.0
2019-05-16,0.0,6.1,19.3
2019-05-17,0.0,12.0,19.6
2019-05-18,0.1,11.4,14.4
2019-05-19,16.7,10.9,13.8
2019-05-20,3.6,11.9,14.3
2019-05-21,9.4,11.8,19.1
2019-05-22,0.0,12.4,24.0
2019-05-23,0.3,9.9,25.5
2019-05-24,0.0,15.1,26.2
2019-05-25,1.5,14.7,20.9
2019-05-26,3.3,14.6,23.0
2019-05-27,0.6,14.2,16.4
2019-05-28,6.8,13.7,19.3
2019-05-29,8.1,13.1,20.4
2019-05-30,0.0,13.2,24.4
2019-05-31,0.0,8.9,26.8
2019-06-01,0.0,10.9,28.0
2019-06-02,0.0,12.5,29.6
2019-06-03,0.0,15.5,30.5
2019-06-04,6.0,16.5,29.6
2019-06-05,0.0,15.6,29.3
2019-06-06,0.0,17.8,24.9
2019-06-07,0.4,14.8,27.6
2019-06-08,0.0,17.5,28.8
2019-06-09,0.0,15.1,27.3
2019-06-10,0.0,19.7,28.0
2019-06-11,0.0,18.0,30.9
2019-06-12,0.0,18.3,29.3
2019-06-13,0.0,17.3,30.0
2019-06-14,0.0,13.1,32.6
2019-06-15,0.0,18.4,32.2
2019-06-16,0.0,18.2,32.0
2019-06-17,0.0,20.1,31.7
2019-06-18,0.0,19.6,30.9
2019-06-19,0.0,20.8,31.4
2019-06-20,0.0,19.6,31.0
2019-06-21,0.0,18.8,28.3
2019-06-22,5.3,15.1,22.6
2019-06-23,6.7,14.4,29.5
2019-06-24,0.0,16.7,32.2
2019-06-25,0.0,20.6,33.1
2019-06-26,0.0,21.0,34.9
2019-06-27,0.0,22.3,38.0
2019-06-28,0.0,21.4,37.7
2019-06-29,0.0,22.6,33.3
2019-06-30,0.0,22.7,34.6
2019-07-01,0.0,22.0,34.5
2019-07-02,0.0,19.9,31.6
2019-07-03,1.0,18.5,29.1
2019-07-04,19.3,18.1,30.1
2019-07-05,0.0,16.5,32.7
2019-07-06,0.0,19.2,32.3
2019-07-07,0.3,17.9,30.2
2019-07-08,13.0,15.3,28.9
2019-07-09,0.2,16.7,28.5
2019-07-10,0.0,18.3,29.8
2019-07-11,0.0,16.8,25.4
2019-07-12,2.7,16.6,26.9
2019-07-13,2.9,16.2,28.5
2019-07-14,0.0,14.4,29.0
2019-07-15,20.4,15.6,25.3
2019-07-16,0.7,13.8,28.8
2019-07-17,0.0,15.5,29.4
2019-07-18,0.3,18.2,27.6
2019-07-19,0.0,15.9,29.2
2019-07-20,0.0,19.1,30.6
2019-07-21,0.0,21.7,29.1
2019-07-22,1.3,19.2,32.6
2019-07-23,0.0,20.2,34.3
2019-07-24,0.0,21.9,34.9
2019-07-25,0.0,19.7,35.2
2019-07-26,6.8,19.5,32.7
2019-07-27,0.9,17.8,31.2
2019-07-28,7.1,17.3,22.2
2019-07-29,0.8,18.7,29.2
2019-07-30,0.0,18.0,31.9
2019-07-31,6.0,18.5,25.7
2019-08-01,0.0,16.7,30.7
2019-08-02,2.6,16.5,26.4
2019-08-03,27.2,14.0,28.3
2019-08-04,0.0,14.1,28.8
2019-08-05,0.0,19.2,29.7
2019-08-06,0.8,18.7,27.5
2019-08-07,15.9,18.5,25.2
2019-08-08,4.2,18.6,29.8
2019-08-09,0.0,20.1,30.8
2019-08-10,0.0,20.7,31.6
2019-08-11,0.0,21.4,31.8
2019-08-12,0.0,20.7,30.1
2019-08-13,0.8,21.1,28.5
2019-08-14,0.1,19.0,28.2
2019-08-15,0.0,16.9,27.6
2019-08-16,4.6,15.4,28.2
2019-08-17,0.0,17.0,26.2
2019-08-18,0.0,16.8,30.1
2019-08-19,0.0,20.6,26.4
2019-08-20,0.4,20.2,28.4
2019-08-21,4.2,19.2,25.5
2019-08-22,6.0,18.9,29.0
2019-08-23,4.1,18.4,25.1
2019-08-24,0.0,19.2,26.6
2019-08-25,0.0,17.9,29.3
2019-08-26,1.0,19.2,29.2
2019-08-27,0.0,18.8,30.8
2019-08-28,0.0,19.5,29.4
2019-08-29,0.0,21.3,26.8
2019-08-30,0.0,21.0,31.7
2019-08-31,3.6,18.2,27.1
2019-09-01,0.0,16.2,28.5
2019-09-02,1.0,19.2,23.6
2019-09-03,2.3,17.1,27.5
2019-09-04,0.0,13.9,27.6
2019-09-05,0.0,13.9,28.7
2019-09-06,1.8,13.4,20.8
2019-09-07,17.8,13.7,20.6
2019-09-08,11.0,11.3,16.1
2019-09-09,10.7,9.6,22.1
2019-09-10,0.0,10.2,24.0
2019-09-11,0.0,10.1,24.6
2019-09-12,0.0,13.6,26.9
2019-09-13,0.0,12.5,27.4
2019-09-14,0.0,14.1,26.7
2019-09-15,0.0,17.4,27.9
2019-09-16,0.0,15.4,28.0
2019-09-17,0.1,17.1,27.9
2019-09-18,0.0,15.4,26.7
2019-09-19,0.0,16.6,23.7
2019-09-20,0.0,12.3,21.3
2019-09-21,0.0,9.5,22.7
2019-09-22,0.0,11.4,18.5
2019-09-23,0.0,13.9,17.8
2019-09-24,2.8,10.5,22.6
2019-09-25,0.0,10.3,22.8
2019-09-26,8.4,11.0,21.1
2019-09-27,0.0,14.1,17.6
2019-09-28,0.0,15.0,23.6
2019-09-29,0.0,13.9,21.8
2019-09-30,0.0,13.8,24.3
2019-10-01,0.0,16.4,23.3
2019-10-02,27.9,12.9,19.3
2019-10-03,0.0,7.2,19.8
2019-10-04,0.0,5.6,16.1
2019-10-05,0.0,9.7,18.1
2019-10-06,0.0,6.6,18.0
2019-10-07,5.9,10.3,20.6
2019-10-08,0.0,10.0,17.8
2019-10-09,0.0,10.4,13.6
2019-10-10,2.0,8.8,17.5
2019-10-11,0.0,7.7,16.7
2019-10-12,0.0,7.0,17.9
2019-10-13,0.0,8.9,19.2
2019-10-14,0.0,9.4,20.1
2019-10-15,0.0,14.4,19.1
2019-10-16,22.6,10.7,17.8
2019-10-17,0.0,9.7,19.2
2019-10-18,0.1,10.0,18.3
2019-10-19,2.3,13.7,16.1
2019-10-20,5.3,14.1,20.8
2019-10-21,8.8,14.4,18.0
2019-10-22,1.0,12.9,19.9
2019-10-23,0.0,11.0,18.5
2019-10-24,0.0,9.1,16.7
2019-10-25,0.3,11.2,19.2
2019-10-26,0.0,9.1,17.9
2019-10-27,0.0,9.3,17.6
2019-10-28,0.0,8.7,17.1
2019-10-29,2.8,12.4,16.2
2019-10-30,0.7,12.4,14.9
2019-10-31,0.0,11.5,14.5
2019-11-01,0.0,10.8,13.2
2019-11-02,0.0,9.9,11.6
2019-11-03,16.5,9.8,11.6
2019-11-04,42.5,8.3,14.1
2019-11-05,18.6,9.1,11.4
2019-11-06,5.7,7.1,9.3
2019-11-07,8.1,6.9,10.2
2019-11-08,23.7,4.3,7.8
2019-11-09,10.8,5.2,10.0
2019-11-10,0.0,3.6,9.8
2019-11-11,0.0,2.5,6.3
2019-11-12,13.1,3.8,8.4
2019-11-13,32.1,3.9,9.0
2019-11-14,0.3,0.8,6.6
2019-11-15,11.6,0.8,4.9
2019-11-16,41.4,1.6,7.2
2019-11-17,30.7,2.4,6.6
2019-11-18,9.2,3.0,6.3
2019-11-19,5.0,5.2,6.8
2019-11-20,3.3,6.1,10.6
2019-11-21,0.0,6.0,7.9
2019-11-22,1.3,6.3,8.5
2019-11-23,5.1,7.1,8.3
2019-11-24,7.8,7.5,11.3
2019-11-25,1.3,7.7,12.8
2019-11-26,0.0,5.5,10.6
2019-11-27,0.4,7.1,8.2
2019-11-28,8.8,5.7,10.0
2019-11-29,0.0,4.1,10.1
2019-11-30,0.0,1.6,11.0
2019-12-01,0.0,2.3,6.3
2019-12-02,12.9,2.3,9.6
2019-12-03,0.0,-1.3,7.9
2019-12-04,0.0,-2.5,5.4
2019-12-05,0.0,-2.1,3.7
2019-12-06,0.0,-2.9,3.3
2019-12-07,0.0,-1.1,7.0
2019-12-08,0.0,-3.2,4.7
2019-12-09,0.0,1.1,5.4
2019-12-10,0.0,2.0,10.9
2019-12-11,0.1,-1.7,4.7
2019-12-12,0.0,-3.0,2.5
2019-12-13,0.0,-3.4,4.1
2019-12-14,0.9,-3.8,4.3
2019-12-15,0.0,-2.8,4.5
2019-12-16,0.0,2.6,5.6
2019-12-17,1.0,3.7,5.8
2019-12-18,9.1,5.5,10.0
2019-12-19,0.3,6.3,9.7
2019-12-20,0.2,6.6,10.3
2019-12-21,38.0,3.0,8.1
2019-12-22,24.3,3.8,8.7
2019-12-23,0.4,2.4,11.4
2019-12-24,0.0,6.1,10.4
2019-12-25,0.0,2.4,10.8
2019-12-26,0.0,1.7,9.1
2019-12-27,0.0,-0.8,7.3
2019-12-28,0.0,-2.5,4.9
2019-12-29,0.0,-3.1,3.4
2019-12-30,0.0,-3.8,2.5
2019-12-31,0.0,-2.1,7.2
2020-01-01,0.0,-1.3,8.1
2020-01-02,0.0,-1.4,6.1
2020-01-03,0.0,0.8,5.7
2020-01-04,0.0,-0.8,13.4
2020-01-05,0.0,1.8,12.1
2020-01-06,0.0,-2.7,4.0
2020-01-07,0.0,-3.6,6.7
2020-01-08,0.0,-0.5,8.4
2020-01-09,0.0,-1.5,6.4
2020-01-10,0.0,-3.6,5.7
2020-01-11,0.0,-1.2,8.6
2020-01-12,0.0,-3.0,6.0
2020-01-13,0.0,-3.9,4.5
2020-01-14,0.1,-4.7,4.4
2020-01-15,0.0,-3.2,5.4
2020-01-16,0.0,-3.2,6.3
2020-01-17,0.0,-1.8,6.1
2020-01-18,0.0,0.3,9.6
2020-01-19,0.0,0.4,8.9
2020-01-20,0.0,-2.1,5.9
2020-01-21,0.0,-1.2,6.4
2020-01-22,0.0,-0.9,7.5
2020-01-23,0.0,-1.9,7.7
2020-01-24,0.0,-1.9,5.5
2020-01-25,0.0,0.4,8.3
2020-01-26,0.5,-0.2,7.3
2020-01-27,0.0,-1.0,8.3
2020-01-28,0.2,2.5,7.8
2020-01-29,1.1,1.8,11.1
2020-01-30,0.0,0.8,9.2
2020-01-31,0.0,-1.0,9.6
2020-02-01,0.0,-1.2,7.2
2020-02-02,0.0,-0.6,9.6
2020-02-03,0.0,0.0,10.3
2020-02-04,0.5,3.9,12.1
2020-02-05,0.0,1.4,10.0
2020-02-06,0.1,0.0,8.9
2020-02-07,0.0,0.4,9.9
2020-02-08,0.0,-2.8,8.6
2020-02-09,0.0,-2.7,9.4
2020-02-10,0.0,3.7,9.7
2020-02-11,0.0,2.3,16.6
2020-02-12,0.0,2.9,13.4
2020-02-13,0.0,0.2,9.4
2020-02-14,0.7,4.5,12.9
2020-02-15,0.0,1.1,11.6
2020-02-16,0.0,-0.8,10.8
2020-02-17,0.0,2.7,10.8
2020-02-18,0.0,3.2,16.4
2020-02-19,0.0,1.1,12.7
2020-02-20,0.0,1.4,12.7
2020-02-21,0.0,-0.5,15.7
2020-02-22,0.0,0.7,14.6
2020-02-23,0.0,1.0,14.6
2020-02-24,0.0,2.6,15.7
2020-02-25,0.0,7.2,9.9
2020-02-26,0.0,6.1,12.0
2020-02-27,0.0,-0.1,10.8
2020-02-28,0.0,4.8,11.8
2020-02-29,0.0,1.5,10.9
2020-03-01,2.3,4.3,6.2
2020-03-02,3.5,0.4,7.5
2020-03-03,47.8,1.3,9.2
2020-03-04,0.0,4.7,12.0
2020-03-05,0.0,3.0,6.9
2020-03-06,15.9,0.4,9.6
2020-03-07,0.0,4.8,13.4
2020-03-08,0.0,0.9,13.9
2020-03-09,0.0,1.0,10.1
2020-03-10,0.1,3.8,12.6
2020-03-11,0.0,4.5,18.3
2020-03-12,0.0,3.7,16.2
2020-03-13,0.0,9.8,18.5
2020-03-14,1.5,3.7,12.8
2020-03-15,7.7,3.7,11.7
2020-03-16,0.0,2.2,16.2
2020-03-17,0.0,2.2,17.8
2020-03-18,0.0,4.0,20.7
2020-03-19,0.0,5.3,21.1
2020-03-20,0.0,4.9,20.0
2020-03-21,0.0,8.2,19.7
2020-03-22,0.9,9.2,15.3
2020-03-23,0.5,2.3,10.3
2020-03-24,0.0,-1.1,12.9
2020-03-25,0.0,0.4,10.0
2020-03-26,0.0,0.3,9.0
2020-03-27,0.0,5.4,12.1
2020-03-28,0.0,5.7,19.8
2020-03-29,0.0,6.8,17.7
2020-03-30,12.0,6.1,9.9
2020-03-31,1.1,3.0,11.6
2020-04-01,0.0,0.9,11.8
2020-04-02,0.0,0.5,15.5
2020-04-03,0.0,1.7,18.5
2020-04-04,0.0,4.5,19.1
2020-04-05,0.0,3.4,21.2
2020-04-06,0.0,5.0,21.8
2020-04-07,0.0,5.7,23.5
2020-04-08,0.0,6.6,23.1
2020-04-09,0.0,6.1,24.3
2020-04-10,0.0,7.7,25.3
2020-04-11,0.0,8.1,25.3
2020-04-12,0.0,7.2,24.4
2020-04-13,0.0,10.1,22.6
2020-04-14,0.0,9.4,19.3
2020-04-15,0.0,7.2,19.3
2020-04-16,0.0,5.3,21.5
2020-04-17,0.0,5.1,24.0
2020-04-18,0.0,8.3,25.0
2020-04-19,0.0,9.2,24.6
2020-04-20,0.0,13.4,17.5
2020-04-21,0.1,11.6,19.6
2020-04-22,0.0,6.7,23.2
2020-04-23,0.0,7.3,23.6
2020-04-24,0.0,8.6,24.9
2020-04-25,0.0,8.9,23.9
2020-04-26,0.9,13.7,22.9
2020-04-27,0.0,13.8,22.5
2020-04-28,2.9,12.8,18.5
2020-04-29,18.8,10.6,17.5
2020-04-30,1.4,7.5,18.4
2020-05-01,29.4,8.4,19.4
2020-05-02,0.0,10.0,22.6
2020-05-03,0.0,12.5,22.5
2020-05-04,0.0,12.2,23.0
2020-05-05,0.0,9.7,20.6
2020-05-06,0.0,11.7,23.8
2020-05-07,0.0,8.6,24.7
2020-05-08,0.0,10.7,24.9
2020-05-09,0.0,12.9,25.8
2020-05-10,0.5,14.2,24.9
2020-05-11,19.8,12.2,19.5
2020-05-12,4.6,12.6,21.8
2020-05-13,0.2,13.8,17.3
2020-05-14,1.4,13.7,25.3
2020-05-15,24.5,13.4,18.0
2020-05-16,1.7,12.8,22.1
2020-05-17,3.1,14.2,26.0
2020-05-18,0.0,13.9,25.5
2020-05-19,0.7,15.6,24.3
2020-05-20,3.3,14.5,27.3
2020-05-21,0.0,11.7,27.1
2020-05-22,0.0,13.0,25.9
2020-05-23,0.0,15.3,26.6
2020-05-24,14.9,16.4,24.7
2020-05-25,0.0,9.0,26.2
2020-05-26,0.0,10.8,26.2
2020-05-27,0.0,10.8,25.1
2020-05-28,0.0,11.4,25.7
2020-05-29,0.0,15.7,23.3
2020-05-30,0.0,13.8,21.5
2020-05-31,0.2,13.4,22.0
2020-06-01,0.0,10.9,26.8
2020-06-02,0.0,13.1,29.2
2020-06-03,0.0,13.2,27.9
2020-06-04,0.0,14.7,20.0
2020-06-05,16.5,14.0,25.7
2020-06-06,0.0,17.3,25.2
2020-06-07,1.5,13.6,19.5
2020-06-08,25.1,13.6,21.9
2020-06-09,6.1,14.1,23.8
2020-06-10,14.5,13.1,20.0
2020-06-11,15.0,13.1,21.9
2020-06-12,0.0,11.1,25.4
2020-06-13,0.0,13.3,27.9
2020-06-14,0.0,17.1,24.6
2020-06-15,0.0,16.1,21.2
2020-06-16,0.9,15.1,26.1
2020-06-17,12.6,15.3,22.3
2020-06-18,2.1,15.3,26.6
2020-06-19,0.0,16.7,24.1
2020-06-20,0.9,13.7,27.4
2020-06-21,0.0,15.0,28.2
2020-06-22,0.0,20.8,30.0
2020-06-23,0.0,19.0,32.3
2020-06-24,0.0,16.2,29.2
2020-06-25,0.0,19.1,26.9
2020-06-26,0.0,20.1,28.4
2020-06-27,0.4,19.3,30.6
2020-06-28,0.0,19.4,31.7
2020-06-29,0.0,20.6,28.4
2020-06-30,0.8,21.6,30.4
2020-07-01,0.0,18.3,29.0
2020-07-02,28.6,18.1,29.8
2020-07-03,11.8,18.2,28.4
2020-07-04,0.0,17.1,28.4
2020-07-05,0.0,16.9,30.1
2020-07-06,0.0,18.4,31.5
2020-07-07,4.9,17.6,27.4
2020-07-08,0.0,16.9,28.2
2020-07-09,0.0,16.2,30.5
2020-07-10,0.0,18.7,31.3
2020-07-11,0.0,17.5,23.4
2020-07-12,6.2,16.7,27.4
2020-07-13,0.0,18.1,26.6
2020-07-14,0.1,16.6,24.1
2020-07-15,0.6,16.5,25.5
2020-07-16,0.0,15.3,27.0
2020-07-17,0.1,18.8,28.9
2020-07-18,0.0,14.8,28.3
2020-07-19,0.0,13.4,29.5
2020-07-20,0.0,17.3,31.3
2020-07-21,0.0,18.8,29.7
2020-07-22,0.0,16.8,30.6
2020-07-23,0.0,19.2,32.5
2020-07-24,10.7,17.2,21.5
2020-07-25,4.5,15.1,28.4
2020-07-26,0.0,16.3,29.1
2020-07-27,0.2,16.7,30.5
2020-07-28,0.0,18.2,32.2
2020-07-29,2.0,19.6,32.2
2020-07-30,0.0,23.7,34.0
2020-07-31,0.0,20.6,34.0
2020-08-01,0.0,21.4,35.7
2020-08-02,0.1,19.1,30.1
2020-08-03,21.6,16.6,24.3
2020-08-04,15.5,15.4,23.0
2020-08-05,1.0,16.6,28.0
2020-08-06,0.0,14.7,30.1
2020-08-07,4.3,17.6,30.4
2020-08-08,0.0,17.9,32.3
2020-08-09,0.0,17.7,32.3
2020-08-10,0.0,18.8,32.0
2020-08-11,0.0,21.1,31.8
2020-08-12,0.0,19.7,31.2
2020-08-13,0.0,20.9,31.1
2020-08-14,0.0,17.9,24.7
2020-08-15,5.0,16.9,30.3
2020-08-16,0.0,19.2,29.1
2020-08-17,0.0,19.4,27.0
2020-08-18,0.1,18.4,28.3
2020-08-19,0.0,16.0,29.3
2020-08-20,0.0,18.9,31.3
2020-08-21,0.0,19.8,32.0
2020-08-22,0.0,19.5,32.5
2020-08-23,1.1,17.4,27.4
2020-08-24,0.1,16.1,26.9
2020-08-25,0.0,14.9,27.5
2020-08-26,0.0,16.9,28.6
2020-08-27,0.0,19.1,30.0
2020-08-28,0.0,19.5,29.1
2020-08-29,50.6,17.1,24.6
2020-08-30,45.6,16.3,23.0
2020-08-31,1.6,14.5,19.8
2020-09-01,0.0,13.2,23.7
2020-09-02,4.0,14.6,21.2
2020-09-03,0.0,13.0,25.4
2020-09-04,0.0,12.2,26.6
2020-09-05,0.0,14.3,28.0
2020-09-06,0.0,15.5,25.9
2020-09-07,1.7,16.5,21.1
2020-09-08,0.9,15.0,26.8
2020-09-09,0.0,14.7,27.6
2020-09-10,0.0,16.1,27.8
2020-09-11,0.0,17.1,27.9
2020-09-12,0.0,16.5,28.7
2020-09-13,0.0,18.1,28.9
2020-09-14,0.0,17.2,28.4
2020-09-15,0.0,16.0,26.9
2020-09-16,0.0,15.8,28.1
2020-09-17,1.7,17.1,27.8
2020-09-18,0.0,14.5,27.3
2020-09-19,0.0,14.0,25.1
2020-09-20,0.0,14.6,25.8
2020-09-21,0.0,14.4,24.7
2020-09-22,0.0,15.0,23.0
2020-09-23,1.1,16.1,23.4
2020-09-24,0.2,16.2,22.1
2020-09-25,26.7,8.9,16.7
2020-09-26,45.1,10.2,17.2
2020-09-27,0.0,6.5,14.7
2020-09-28,0.0,9.5,17.2
2020-09-29,0.0,6.8,18.1
2020-09-30,0.0,6.6,20.7
2020-10-01,0.0,12.2,19.4
2020-10-02,5.6,13.2,17.7
2020-10-03,15.4,11.1,19.1
2020-10-04,25.0,9.2,17.1
2020-10-05,28.4,9.9,15.0
2020-10-06,0.0,9.6,15.8
2020-10-07,0.6,9.0,20.2
2020-10-08,0.1,7.1,16.4
2020-10-09,0.1,7.4,17.4
2020-10-10,0.0,8.0,19.0
2020-10-11,20.6,8.8,12.0
2020-10-12,1.7,8.5,15.0
2020-10-13,0.0,3.2,15.5
2020-10-14,0.0,4.4,12.6
2020-10-15,0.0,8.0,11.1
2020-10-16,5.4,7.0,14.8
2020-10-17,0.0,4.7,14.5
2020-10-18,0.0,7.3,16.1
2020-10-19,0.0,7.7,14.0
2020-10-20,0.0,4.4,13.9
2020-10-21,0.0,8.4,15.9
2020-10-22,0.0,7.3,16.3
2020-10-23,0.0,11.4,13.0
2020-10-24,4.7,10.2,18.3
2020-10-25,0.0,7.8,15.4
2020-10-26,0.7,10.4,14.9
2020-10-27,60.9,8.0,13.2
2020-10-28,0.0,5.7,13.5
2020-10-29,0.0,6.1,14.8
2020-10-30,0.0,5.0,13.5
2020-10-31,0.0,6.6,15.4
2020-11-01,0.0,4.8,13.5
2020-11-02,0.0,5.6,15.8
2020-11-03,0.0,9.4,15.5
2020-11-04,0.0,11.1,16.3
2020-11-05,0.0,10.7,16.6
2020-11-06,0.0,7.4,16.1
2020-11-07,0.0,6.8,14.6
2020-11-08,0.0,6.2,13.5
2020-11-09,0.0,6.3,13.4
2020-11-10,0.0,5.4,13.4
2020-11-11,0.0,4.9,12.2
2020-11-12,0.0,2.9,10.7
2020-11-13,0.0,1.6,10.4
2020-11-14,0.0,2.1,10.1
2020-11-15,0.0,1.0,9.2
2020-11-16,0.9,5.8,13.7
2020-11-17,0.0,3.4,12.4
2020-11-18,0.0,1.8,11.4
2020-11-19,0.0,2.1,12.1
2020-11-20,0.0,9.4,14.7
2020-11-21,0.0,-0.8,9.3
2020-11-22,0.0,-1.7,6.1
2020-11-23,0.0,-1.9,6.7
2020-11-24,0.0,0.8,8.0
2020-11-25,0.0,-0.1,8.7
2020-11-26,0.0,-1.8,7.1
2020-11-27,0.0,-2.1,6.6
2020-11-28,0.1,-0.9,6.9
2020-11-29,0.0,-0.3,8.0
2020-11-30,0.0,-2.0,5.6
2020-12-01,0.0,-3.3,3.0
2020-12-02,0.0,1.2,4.7
2020-12-03,1.0,1.6,5.1
2020-12-04,0.8,0.1,3.0
2020-12-05,57.1,0.4,2.8
2020-12-06,99.8,1.9,4.6
2020-12-07,22.4,1.4,6.7
2020-12-08,3.2,2.2,4.7
2020-12-09,11.0,3.3,7.1
2020-12-10,8.2,0.6,5.3
2020-12-11,0.0,2.6,4.8
2020-12-12,0.0,2.2,6.4
2020-12-13,0.0,0.8,6.8
2020-12-14,0.0,0.6,7.6
2020-12-15,0.0,0.5,7.3
2020-12-16,0.0,0.2,7.4
2020-12-17,0.0,-0.2,8.7
2020-12-18,0.0,1.0,7.2
2020-12-19,0.0,1.7,5.9
2020-12-20,0.0,1.2,6.2
2020-12-21,0.0,4.8,7.6
2020-12-22,0.0,1.8,8.1
2020-12-23,0.0,-0.6,6.1
2020-12-24,0.0,4.5,7.1
2020-12-25,0.2,5.2,9.7
2020-12-26,0.0,2.3,8.2
2020-12-27,0.0,-2.6,2.6
2020-12-28,2.7,-2.9,-0.6
2020-12-29,3.1,-5.9,0.8
2020-12-30,0.7,-0.5,3.1
2020-12-31,0.0,-5.9,1.7
2021-01-01,0.0,-2.3,0.4
2021-01-02,2.1,-0.6,2.3
2021-01-03,10.9,0.6,3.3
2021-01-04,0.0,0.6,4.3
2021-01-05,0.1,-0.7,3.5
2021-01-06,0.0,0.0,2.9
2021-01-07,0.2,-3.5,0.8
2021-01-08,0.0,-4.5,1.7
2021-01-09,0.0,-4.6,-0.6
2021-01-10,0.0,-6.3,-0.3
2021-01-11,0.0,-8.7,-1.5
2021-01-12,0.0,-9.4,-1.4
2021-01-13,0.0,-7.6,4.2
2021-01-14,0.0,-3.9,7.3
2021-01-15,0.0,-0.2,4.1
2021-01-16,0.0,-4.7,2.7
2021-01-17,0.0,-5.4,-0.5
2021-01-18,0.0,-6.9,0.7
2021-01-19,0.0,-5.4,1.5
2021-01-20,0.0,-4.1,2.1
2021-01-21,0.7,0.1,1.2
2021-01-22,31.3,0.5,3.2
2021-01-23,30.6,0.8,8.2
2021-01-24,0.6,0.7,6.1
2021-01-25,0.0,-0.9,2.9
2021-01-26,0.0,-1.9,6.6
2021-01-27,0.0,-3.5,2.3
2021-01-28,0.0,-1.8,2.6
2021-01-29,0.0,-2.5,2.8
2021-01-30,0.0,-1.5,6.2
2021-01-31,4.3,2.4,6.8
2021-02-01,0.0,1.2,6.8
2021-02-02,0.1,0.0,7.3
2021-02-03,0.0,2.3,4.2
2021-02-04,0.0,3.4,9.6
2021-02-05,0.0,2.6,7.8
2021-02-06,0.0,2.6,7.1
2021-02-07,15.0,4.2,5.9
2021-02-08,19.5,3.0,10.4
2021-02-09,0.0,2.7,8.2
2021-02-10,13.7,2.8,7.0
2021-02-11,2.0,0.0,8.8
2021-02-12,0.0,-0.4,2.9
2021-02-13,0.0,-2.3,4.8
2021-02-14,0.0,-3.9,2.8
2021-02-15,0.0,-3.5,3.6
2021-02-16,0.0,-4.4,8.0
2021-02-17,0.0,-0.7,10.0
2021-02-18,0.0,-2.2,10.1
2021-02-19,0.0,2.6,11.8
2021-02-20,0.0,4.1,13.5
2021-02-21,0.0,4.0,13.0
2021-02-22,0.0,3.7,13.2
2021-02-23,0.0,3.9,14.7
2021-02-24,0.0,5.9,16.4
2021-02-25,0.0,5.9,16.2
2021-02-26,0.0,5.9,15.9
2021-02-27,0.0,5.8,18.9
2021-02-28,0.0,3.3,14.7
2021-03-01,0.0,0.6,13.9
2021-03-02,0.0,1.0,15.4
2021-03-03,0.0,1.3,12.9
2021-03-04,0.0,1.2,13.6
2021-03-05,0.0,2.0,14.5
2021-03-06,0.0,4.1,11.5
2021-03-07,0.0,-0.6,12.4
2021-03-08,0.0,-0.3,13.2
2021-03-09,0.0,1.1,13.4
2021-03-10,1.3,0.3,13.8
2021-03-11,0.0,1.8,10.6
2021-03-12,0.0,5.5,14.4
2021-03-13,1.9,1.6,15.5
2021-03-14,0.8,3.6,12.2
2021-03-15,0.0,-0.7,13.4
2021-03-16,0.2,5.5,12.5
2021-03-17,0.0,0.8,12.5
2021-03-18,0.0,2.5,10.3
2021-03-19,0.0,-1.2,10.0
2021-03-20,0.0,-0.8,8.9
2021-03-21,0.0,-1.5,12.5
2021-03-22,0.0,8.4,13.6
2021-03-23,0.0,4.8,15.8
2021-03-24,0.0,1.1,18.5
2021-03-25,0.0,2.1,19.8
2021-03-26,0.0,4.3,18.7
2021-03-27,0.0,8.8,17.1
2021-03-28,0.0,7.6,19.2
2021-03-29,0.0,9.3,21.9
2021-03-30,0.0,6.1,25.3
2021-03-31,0.0,9.1,25.2
2021-04-01,0.0,9.9,25.6
2021-04-02,0.0,9.7,25.1
2021-04-03,0.0,10.7,18.9
2021-04-04,0.0,7.0,17.7
2021-04-05,0.0,3.7,15.9
2021-04-06,0.0,4.1,10.7
2021-04-07,0.0,-0.7,9.2
2021-04-08,0.0,-0.6,15.7
2021-04-09,0.0,1.5,15.4
2021-04-10,0.0,7.8,16.1
2021-04-11,4.3,7.8,11.5
2021-04-12,8.7,4.3,12.2
2021-04-13,20.0,4.2,12.7
2021-04-14,0.0,4.3,13.5
2021-04-15,13.5,2.1,10.8
2021-04-16,0.1,2.1,14.8
2021-04-17,0.0,2.2,16.9
2021-04-18,0.0,6.6,16.2
2021-04-19,0.0,5.4,16.7
2021-04-20,0.0,4.0,19.0
2021-04-21,0.0,6.6,19.5
2021-04-22,0.0,7.2,21.0
2021-04-23,0.1,6.6,22.2
2021-04-24,0.0,9.6,22.7
2021-04-25,0.0,7.7,24.1
2021-04-26,0.0,12.2,16.4
2021-04-27,0.0,11.1,18.4
2021-04-28,0.0,9.5,21.6
2021-04-29,0.7,12.2,17.3
2021-04-30,5.0,12.4,20.6
2021-05-01,1.0,12.0,20.3
2021-05-02,34.9,11.6,19.9
2021-05-03,0.0,8.7,19.8
2021-05-04,0.0,10.6,20.6
2021-05-05,0.0,9.1,20.7
2021-05-06,0.0,9.8,19.0
2021-05-07,0.0,14.0,21.8
2021-05-08,0.0,10.0,21.7
2021-05-09,0.0,8.1,24.5
2021-05-10,0.0,12.3,26.6
2021-05-11,5.6,12.7,19.8
2021-05-12,35.6,11.6,17.6
2021-05-13,0.1,10.3,21.8
2021-05-14,6.4,11.5,20.6
2021-05-15,0.0,11.1,18.7
2021-05-16,0.0,8.4,21.0
2021-05-17,12.0,10.1,22.2
2021-05-18,0.0,7.0,23.0
2021-05-19,8.1,11.3,20.1
2021-05-20,1.6,7.4,22.5
2021-05-21,0.0,8.9,22.1
2021-05-22,1.8,11.1,19.7
2021-05-23,0.4,11.3,20.0
2021-05-24,1.2,10.7,14.0
2021-05-25,13.7,9.0,19.9
2021-05-26,4.7,7.8,22.7
2021-05-27,0.0,10.8,23.0
2021-05-28,0.4,8.4,24.8
2021-05-29,0.0,11.6,22.0
2021-05-30,0.6,8.6,24.5
2021-05-31,0.0,14.1,23.2
2021-06-01,0.0,13.1,25.5
2021-06-02,0.0,16.4,25.9
2021-06-03,0.0,13.3,27.9
2021-06-04,0.0,15.2,29.1
2021-06-05,0.0,15.9,29.0
2021-06-06,5.1,16.1,26.6
2021-06-07,0.0,17.3,23.1
2021-06-08,1.3,16.8,26.9
2021-06-09,2.4,16.4,27.6
2021-06-10,15.6,18.7,27.3
2021-06-11,0.0,17.3,27.7
2021-06-12,0.0,13.8,30.9
2021-06-13,0.0,16.1,33.0
2021-06-14,0.0,14.7,30.7
2021-06-15,0.0,20.1,29.4
2021-06-16,0.0,17.3,30.2
2021-06-17,0.0,18.8,31.9
2021-06-18,0.0,23.4,31.4
2021-06-19,0.0,20.6,32.6
2021-06-20,0.0,20.1,32.4
2021-06-21,0.0,21.4,32.6
2021-06-22,0.0,19.5,32.1
2021-06-23,0.0,16.9,33.6
2021-06-24,18.0,17.0,31.0
2021-06-25,0.0,15.9,30.1
2021-06-26,0.0,17.0,30.7
2021-06-27,0.0,17.6,31.7
2021-06-28,0.0,18.0,33.6
2021-06-29,0.0,20.9,32.2
2021-06-30,0.0,17.4,29.8
2021-07-01,0.5,15.6,28.1
2021-07-02,0.0,15.1,30.2
2021-07-03,0.0,18.0,30.8
2021-07-04,5.3,17.2,25.5
2021-07-05,10.5,17.0,28.4
2021-07-06,0.0,15.3,31.7
2021-07-07,0.0,18.7,33.5
2021-07-08,9.8,18.3,27.7
2021-07-09,21.3,17.7,29.5
2021-07-10,0.0,16.6,30.5
2021-07-11,0.0,18.7,29.1
2021-07-12,0.1,16.2,31.0
2021-07-13,0.0,17.1,26.5
2021-07-14,41.9,16.0,22.2
2021-07-15,1.7,14.4,22.8
2021-07-16,0.7,15.6,23.5
2021-07-17,0.4,17.1,28.7
2021-07-18,0.0,18.4,30.9
2021-07-19,0.0,20.4,32.2
2021-07-20,0.0,17.0,30.9
2021-07-21,0.0,18.0,31.3
2021-07-22,4.2,17.7,29.9
2021-07-23,29.9,17.0,29.7
2021-07-24,0.0,20.5,30.2
2021-07-25,0.1,18.7,28.5
2021-07-26,8.7,17.6,23.4
2021-07-27,8.1,17.7,24.3
2021-07-28,7.9,17.1,28.7
2021-07-29,0.1,17.4,29.8
2021-07-30,0.0,17.7,30.2
2021-07-31,0.2,18.9,30.1
2021-08-01,22.4,17.2,21.1
2021-08-02,10.6,15.7,24.1
2021-08-03,0.1,14.8,21.0
2021-08-04,4.7,16.1,21.5
2021-08-05,44.8,16.0,27.3
2021-08-06,0.0,15.3,27.8
2021-08-07,0.0,16.9,27.8
2021-08-08,4.7,17.9,28.7
2021-08-09,0.0,17.4,29.2
2021-08-10,0.0,15.2,29.7
2021-08-11,0.0,17.2,31.2
2021-08-12,0.0,17.2,31.9
2021-08-13,0.0,18.9,30.3
2021-08-14,0.0,19.4,32.7
2021-08-15,0.0,19.7,32.9
2021-08-16,0.0,16.9,28.0
2021-08-17,12.5,16.2,26.4
2021-08-18,0.0,15.0,27.4
2021-08-19,0.0,16.4,27.7
2021-08-20,0.0,16.7,28.6
2021-08-21,0.0,16.0,29.4
2021-08-22,0.0,17.6,26.8
2021-08-23,6.6,16.1,26.1
2021-08-24,0.0,13.1,27.6
2021-08-25,2.0,15.0,26.0
2021-08-26,0.0,16.1,26.9
2021-08-27,1.2,16.0,25.3
2021-08-28,1.3,12.7,23.9
2021-08-29,4.9,9.6,22.5
2021-08-30,0.0,12.8,20.9
2021-08-31,0.2,10.5,23.8
2021-09-01,0.0,11.7,26.8
2021-09-02,0.0,12.5,26.6
2021-09-03,0.0,13.7,26.7
2021-09-04,0.0,13.0,27.3
2021-09-05,0.0,13.5,27.8
2021-09-06,0.0,14.4,27.6
2021-09-07,0.0,13.5,27.5
2021-09-08,0.0,15.7,27.6
2021-09-09,0.0,13.9,27.8
2021-09-10,0.0,12.4,27.7
2021-09-11,0.0,14.0,28.7
2021-09-12,0.0,14.4,28.4
2021-09-13,0.0,14.0,29.7
2021-09-14,0.0,14.1,29.6
2021-09-15,0.0,14.9,24.1
2021-09-16,0.0,18.3,20.4
2021-09-17,0.0,17.6,26.7
2021-09-18,0.0,17.3,25.7
2021-09-19,0.0,14.7,20.0
2021-09-20,0.0,13.2,22.8
2021-09-21,0.0,12.5,23.0
2021-09-22,0.0,12.5,19.5
2021-09-23,0.0,12.5,21.7
2021-09-24,0.0,11.1,23.8
2021-09-25,0.0,12.0,23.8
2021-09-26,0.0,14.3,20.0
2021-09-27,0.0,15.5,24.4
2021-09-28,0.0,13.7,24.8
2021-09-29,0.0,14.4,22.2
2021-09-30,0.0,14.0,22.7
2021-10-01,0.0,13.4,21.8
2021-10-02,0.0,11.4,21.6
2021-10-03,0.0,14.3,18.2
2021-10-04,0.0,15.1,22.0
2021-10-05,0.0,14.4,19.8
2021-10-06,0.0,13.1,16.1
2021-10-07,0.0,14.5,19.5
2021-10-08,0.0,12.2,20.3
2021-10-09,0.0,10.5,18.3
2021-10-10,0.0,6.3,16.5
2021-10-11,0.0,6.0,18.1
2021-10-12,0.0,6.3,13.6
2021-10-13,0.0,4.9,17.4
2021-10-14,0.0,2.6,15.5
2021-10-15,0.0,2.4,13.7
2021-10-16,0.0,3.8,17.5
2021-10-17,0.0,4.4,15.5
2021-10-18,0.0,4.7,16.8
2021-10-19,0.0,5.6,14.2
2021-10-20,0.0,4.7,17.5
2021-10-21,0.0,12.2,16.3
2021-10-22,0.0,9.3,18.0
2021-10-23,0.0,6.5,15.4
2021-10-24,0.0,4.2,13.2
2021-10-25,0.0,3.8,12.1
2021-10-26,0.0,3.9,13.0
2021-10-27,0.0,3.1,13.2
2021-10-28,0.0,4.1,12.6
2021-10-29,0.0,3.9,15.1
2021-10-30,0.0,1.7,13.1
2021-10-31,0.0,6.9,14.5
2021-11-01,0.0,8.3,10.9
2021-11-02,0.0,6.9,13.8
2021-11-03,0.0,5.3,8.4
2021-11-04,0.0,6.3,9.2
2021-11-05,0.0,4.3,11.5
2021-11-06,0.0,3.9,10.7
2021-11-07,0.0,3.9,11.5
2021-11-08,0.0,2.2,8.5
2021-11-09,0.0,1.9,10.5
2021-11-10,0.0,6.2,13.2
2021-11-11,0.0,6.2,14.1
2021-11-12,0.0,4.7,13.1
2021-11-13,0.0,4.2,9.8
2021-11-14,0.0,8.2,10.0
2021-11-15,0.0,8.0,12.1
2021-11-16,0.0,5.2,10.6
2021-11-17,0.0,6.0,12.4
2021-11-18,0.0,4.7,13.6
2021-11-19,0.0,3.4,11.4
2021-11-20,0.0,2.4,11.5
2021-11-21,0.0,1.0,11.5
2021-11-22,0.0,6.7,10.5
2021-11-23,0.0,2.6,11.8
2021-11-24,0.0,0.2,8.8
2021-11-25,0.0,-0.6,4.7
2021-11-26,0.0,3.4,6.7
2021-11-27,0.0,4.9,8.0
2021-11-28,0.0,1.8,5.5
2021-11-29,0.0,3.1,7.8
2021-11-30,0.0,-2.3,3.5
2021-12-01,0.0,-1.6,5.7
2021-12-02,0.0,2.8,7.6
2021-12-03,0.0,-1.1,8.4
2021-12-04,0.0,-0.3,4.0
2021-12-05,0.0,1.3,7.0
2021-12-06,0.0,1.9,7.7
2021-12-07,0.0,-1.2,4.2
2021-12-08,0.0,-1.5,1.7
2021-12-09,0.0,-1.3,6.6
2021-12-10,0.0,-5.7,1.7
2021-12-11,0.0,-0.4,8.8
2021-12-12,0.0,-1.1,9.5
2021-12-13,0.0,-0.3,8.0
2021-12-14,0.0,0.6,6.8
2021-12-15,0.0,-0.3,6.5
2021-12-16,0.0,-2.1,5.6
2021-12-17,0.0,-1.2,6.8
2021-12-18,0.0,-2.9,6.5
2021-12-19,0.0,-1.8,8.0
2021-12-20,0.0,-1.9,7.7
2021-12-21,0.0,-3.0,2.4
2021-12-22,0.0,-3.9,1.8
2021-12-23,0.0,-4.2,1.9
2021-12-24,0.0,-1.8,2.9
2021-12-25,0.0,1.8,5.4
2021-12-26,0.0,-0.8,5.8
2021-12-27,0.0,2.3,6.0
2021-12-28,0.0,2.7,6.3
2021-12-29,0.0,0.6,10.7
2021-12-30,0.0,3.2,9.9
2021-12-31,0.0,3.9,11.5
